INFO:     127.0.0.1:58593 - "GET /openapi.json HTTP/1.1" 200 OK
INFO:     127.0.0.1:54734 - "GET / HTTP/1.1" 200 OK
INFO:     127.0.0.1:54734 - "GET /assets/index-SEcfQoqO.js HTTP/1.1" 200 OK
INFO:     127.0.0.1:60714 - "GET /assets/index-DzPgKHhS.css HTTP/1.1" 200 OK
INFO:     127.0.0.1:59005 - "GET /assets/rolldown-runtime-hePW80VL.js HTTP/1.1" 200 OK
INFO:     127.0.0.1:60714 - "GET /assets/Home-CykdpJ9i.js HTTP/1.1" 200 OK
INFO:     127.0.0.1:60714 - "GET /favicon.svg HTTP/1.1" 200 OK
INFO:     127.0.0.1:57209 - "GET /assets/Login-CN2Gr7Jd.js HTTP/1.1" 200 OK
INFO:     127.0.0.1:50592 - "GET /assets/axios-CasqELoc.js HTTP/1.1" 200 OK
INFO:     127.0.0.1:53962 - "GET /assets/roles-D2SLcIK-.js HTTP/1.1" 200 OK
INFO:     127.0.0.1:51140 - "GET /assets/auth-IfguHA_M.js HTTP/1.1" 200 OK
INFO:     127.0.0.1:64446 - "GET /assets/roleNav-D2gYOV97.js HTTP/1.1" 200 OK
2026-09-27 22:19:16,946 INFO sqlalchemy.engine.Engine select pg_catalog.version()
2026-09-27 22:19:16,947 INFO sqlalchemy.engine.Engine [raw sql] {}
2026-09-27 22:19:16,954 INFO sqlalchemy.engine.Engine select current_schema()
2026-09-27 22:19:16,955 INFO sqlalchemy.engine.Engine [raw sql] {}
2026-09-27 22:19:16,958 INFO sqlalchemy.engine.Engine show standard_conforming_strings
2026-09-27 22:19:16,959 INFO sqlalchemy.engine.Engine [raw sql] {}
2026-09-27 22:19:16,960 INFO sqlalchemy.engine.Engine BEGIN (implicit)
2026-09-27 22:19:16,968 INFO sqlalchemy.engine.Engine SELECT users.id AS users_id, users.name AS users_name, users.email AS users_email, users.password_hash AS users_password_hash, users.account_type AS users_account_type, users.role_id AS users_role_id, users.is_active AS users_is_active, users.created_at AS users_created_at 
FROM users 
WHERE users.email = %(email_1)s 
 LIMIT %(param_1)s
2026-09-27 22:19:16,969 INFO sqlalchemy.engine.Engine [generated in 0.00107s] {'email_1': 'patient@hms.com', 'param_1': 1}
INFO:     127.0.0.1:53208 - "POST /auth/login HTTP/1.1" 200 OK
2026-09-27 22:19:17,877 INFO sqlalchemy.engine.Engine ROLLBACK
INFO:     127.0.0.1:53208 - "GET /assets/PatientDashBoard-DqFpS1h1.js HTTP/1.1" 200 OK
INFO:     127.0.0.1:64981 - "GET /assets/dashboard-3lw_E9OX.js HTTP/1.1" 200 OK
INFO:     127.0.0.1:52987 - "GET /assets/MainLayout-D0uLX2mw.js HTTP/1.1" 200 OK
2026-09-27 22:19:17,959 INFO sqlalchemy.engine.Engine BEGIN (implicit)
2026-09-27 22:19:17,962 INFO sqlalchemy.engine.Engine SELECT users.id AS users_id, users.name AS users_name, users.email AS users_email, users.password_hash AS users_password_hash, users.account_type AS users_account_type, users.role_id AS users_role_id, users.is_active AS users_is_active, users.created_at AS users_created_at 
FROM users 
WHERE users.id = %(id_1)s 
 LIMIT %(param_1)s
2026-09-27 22:19:17,963 INFO sqlalchemy.engine.Engine [generated in 0.00088s] {'id_1': 2, 'param_1': 1}
2026-09-27 22:19:17,989 INFO sqlalchemy.engine.Engine SELECT patients.id AS patients_id, patients.name AS patients_name, patients.date_of_birth AS patients_date_of_birth, patients.gender AS patients_gender, patients.phone AS patients_phone, patients.email AS patients_email, patients.address AS patients_address, patients.user_id AS patients_user_id 
FROM patients 
WHERE %(param_1)s = patients.user_id
2026-09-27 22:19:17,989 INFO sqlalchemy.engine.Engine [generated in 0.00077s] {'param_1': 2}
2026-09-27 22:19:18,572 INFO sqlalchemy.engine.Engine BEGIN (implicit)
2026-09-27 22:19:18,582 INFO sqlalchemy.engine.Engine SELECT count(*) AS count_1 
FROM (SELECT appointments.id AS appointments_id, appointments.patient_id AS appointments_patient_id, appointments.doctor_id AS appointments_doctor_id, appointments.appointment_date AS appointments_appointment_date, appointments.appointment_time AS appointments_appointment_time, appointments.reason AS appointments_reason, appointments.status AS appointments_status 
FROM appointments 
WHERE appointments.patient_id = %(patient_id_1)s) AS anon_1
2026-09-27 22:19:18,582 INFO sqlalchemy.engine.Engine [generated in 0.00063s] {'patient_id_1': 1}
2026-09-27 22:19:18,624 INFO sqlalchemy.engine.Engine SELECT count(*) AS count_1 
FROM (SELECT medical_records.id AS medical_records_id, medical_records.patient_id AS medical_records_patient_id, medical_records.doctor_id AS medical_records_doctor_id, medical_records.diagnosis AS medical_records_diagnosis, medical_records.notes AS medical_records_notes, medical_records.record_date AS medical_records_record_date 
FROM medical_records 
WHERE medical_records.patient_id = %(patient_id_1)s) AS anon_1
2026-09-27 22:19:18,624 INFO sqlalchemy.engine.Engine [generated in 0.00074s] {'patient_id_1': 1}
2026-09-27 22:19:18,647 INFO sqlalchemy.engine.Engine SELECT count(*) AS count_1 
FROM (SELECT prescriptions.id AS prescriptions_id, prescriptions.patient_id AS prescriptions_patient_id, prescriptions.doctor_id AS prescriptions_doctor_id, prescriptions.pharmacy_id AS prescriptions_pharmacy_id, prescriptions.lab_test_id AS prescriptions_lab_test_id, prescriptions.prescription_date AS prescriptions_prescription_date 
FROM prescriptions 
WHERE prescriptions.patient_id = %(patient_id_1)s) AS anon_1
2026-09-27 22:19:18,647 INFO sqlalchemy.engine.Engine [generated in 0.00057s] {'patient_id_1': 1}
2026-09-27 22:19:18,681 INFO sqlalchemy.engine.Engine SELECT count(*) AS count_1 
FROM (SELECT lab_results.id AS lab_results_id, lab_results.lab_test_id AS lab_results_lab_test_id, lab_results.result AS lab_results_result, lab_results.unit AS lab_results_unit, lab_results.reference_range AS lab_results_reference_range, lab_results.remarks AS lab_results_remarks, lab_results.reported_at AS lab_results_reported_at 
FROM lab_results JOIN lab_tests ON lab_results.lab_test_id = lab_tests.id 
WHERE lab_tests.patient_id = %(patient_id_1)s) AS anon_1
2026-09-27 22:19:18,682 INFO sqlalchemy.engine.Engine [generated in 0.00113s] {'patient_id_1': 1}
INFO:     127.0.0.1:52987 - "GET /dashboard/patient-stats HTTP/1.1" 200 OK
2026-09-27 22:19:18,710 INFO sqlalchemy.engine.Engine ROLLBACK
2026-09-27 22:19:18,713 INFO sqlalchemy.engine.Engine ROLLBACK
INFO:     127.0.0.1:55277 - "GET /assets/PatientProfile-iR4Ee6Te.js HTTP/1.1" 200 OK
INFO:     127.0.0.1:55218 - "GET /assets/patients-CcggOC1o.js HTTP/1.1" 200 OK
2026-09-27 22:19:38,050 INFO sqlalchemy.engine.Engine BEGIN (implicit)
2026-09-27 22:19:38,053 INFO sqlalchemy.engine.Engine SELECT users.id AS users_id, users.name AS users_name, users.email AS users_email, users.password_hash AS users_password_hash, users.account_type AS users_account_type, users.role_id AS users_role_id, users.is_active AS users_is_active, users.created_at AS users_created_at 
FROM users 
WHERE users.id = %(id_1)s 
 LIMIT %(param_1)s
2026-09-27 22:19:38,054 INFO sqlalchemy.engine.Engine [cached since 20.09s ago] {'id_1': 2, 'param_1': 1}
2026-09-27 22:19:38,056 INFO sqlalchemy.engine.Engine SELECT patients.id AS patients_id, patients.name AS patients_name, patients.date_of_birth AS patients_date_of_birth, patients.gender AS patients_gender, patients.phone AS patients_phone, patients.email AS patients_email, patients.address AS patients_address, patients.user_id AS patients_user_id 
FROM patients 
WHERE %(param_1)s = patients.user_id
2026-09-27 22:19:38,057 INFO sqlalchemy.engine.Engine [cached since 20.07s ago] {'param_1': 2}
2026-09-27 22:19:38,066 INFO sqlalchemy.engine.Engine SELECT patients.id AS patients_id, patients.name AS patients_name, patients.date_of_birth AS patients_date_of_birth, patients.gender AS patients_gender, patients.phone AS patients_phone, patients.email AS patients_email, patients.address AS patients_address, patients.user_id AS patients_user_id 
FROM patients 
WHERE patients.id = %(id_1)s 
 LIMIT %(param_1)s
2026-09-27 22:19:38,068 INFO sqlalchemy.engine.Engine [generated in 0.00116s] {'id_1': 1, 'param_1': 1}
INFO:     127.0.0.1:55277 - "GET /patients/me HTTP/1.1" 200 OK
2026-09-27 22:19:38,083 INFO sqlalchemy.engine.Engine ROLLBACK
INFO:     127.0.0.1:55218 - "GET /assets/appointments-ayIlKeGw.js HTTP/1.1" 200 OK
INFO:     127.0.0.1:55277 - "GET /assets/PatientAppointments-7PSjtwFQ.js HTTP/1.1" 200 OK
2026-09-27 22:19:41,232 INFO sqlalchemy.engine.Engine BEGIN (implicit)
2026-09-27 22:19:41,233 INFO sqlalchemy.engine.Engine SELECT users.id AS users_id, users.name AS users_name, users.email AS users_email, users.password_hash AS users_password_hash, users.account_type AS users_account_type, users.role_id AS users_role_id, users.is_active AS users_is_active, users.created_at AS users_created_at 
FROM users 
WHERE users.id = %(id_1)s 
 LIMIT %(param_1)s
2026-09-27 22:19:41,234 INFO sqlalchemy.engine.Engine [cached since 23.27s ago] {'id_1': 2, 'param_1': 1}
2026-09-27 22:19:41,244 INFO sqlalchemy.engine.Engine SELECT patients.id AS patients_id, patients.name AS patients_name, patients.date_of_birth AS patients_date_of_birth, patients.gender AS patients_gender, patients.phone AS patients_phone, patients.email AS patients_email, patients.address AS patients_address, patients.user_id AS patients_user_id 
FROM patients 
WHERE %(param_1)s = patients.user_id
2026-09-27 22:19:41,246 INFO sqlalchemy.engine.Engine [cached since 23.26s ago] {'param_1': 2}
2026-09-27 22:19:41,253 INFO sqlalchemy.engine.Engine SELECT patients.id AS patients_id, patients.name AS patients_name, patients.date_of_birth AS patients_date_of_birth, patients.gender AS patients_gender, patients.phone AS patients_phone, patients.email AS patients_email, patients.address AS patients_address, patients.user_id AS patients_user_id 
FROM patients 
WHERE patients.id = %(id_1)s 
 LIMIT %(param_1)s
2026-09-27 22:19:41,254 INFO sqlalchemy.engine.Engine [cached since 3.188s ago] {'id_1': 1, 'param_1': 1}
INFO:     127.0.0.1:55277 - "GET /patients/me HTTP/1.1" 200 OK
2026-09-27 22:19:41,258 INFO sqlalchemy.engine.Engine ROLLBACK
2026-09-27 22:19:41,270 INFO sqlalchemy.engine.Engine BEGIN (implicit)
2026-09-27 22:19:41,271 INFO sqlalchemy.engine.Engine SELECT users.id AS users_id, users.name AS users_name, users.email AS users_email, users.password_hash AS users_password_hash, users.account_type AS users_account_type, users.role_id AS users_role_id, users.is_active AS users_is_active, users.created_at AS users_created_at 
FROM users 
WHERE users.id = %(id_1)s 
 LIMIT %(param_1)s
2026-09-27 22:19:41,271 INFO sqlalchemy.engine.Engine [cached since 23.31s ago] {'id_1': 2, 'param_1': 1}
2026-09-27 22:19:41,275 INFO sqlalchemy.engine.Engine SELECT patients.id AS patients_id, patients.name AS patients_name, patients.date_of_birth AS patients_date_of_birth, patients.gender AS patients_gender, patients.phone AS patients_phone, patients.email AS patients_email, patients.address AS patients_address, patients.user_id AS patients_user_id 
FROM patients 
WHERE patients.id = %(pk_1)s
2026-09-27 22:19:41,277 INFO sqlalchemy.engine.Engine [generated in 0.00178s] {'pk_1': 1}
2026-09-27 22:19:41,279 INFO sqlalchemy.engine.Engine SELECT patients.id AS patients_id, patients.name AS patients_name, patients.date_of_birth AS patients_date_of_birth, patients.gender AS patients_gender, patients.phone AS patients_phone, patients.email AS patients_email, patients.address AS patients_address, patients.user_id AS patients_user_id 
FROM patients 
WHERE %(param_1)s = patients.user_id
2026-09-27 22:19:41,280 INFO sqlalchemy.engine.Engine [cached since 23.29s ago] {'param_1': 2}
2026-09-27 22:19:41,283 INFO sqlalchemy.engine.Engine SELECT appointments.id AS appointments_id, appointments.patient_id AS appointments_patient_id, appointments.doctor_id AS appointments_doctor_id, appointments.appointment_date AS appointments_appointment_date, appointments.appointment_time AS appointments_appointment_time, appointments.reason AS appointments_reason, appointments.status AS appointments_status 
FROM appointments 
WHERE appointments.patient_id = %(patient_id_1)s ORDER BY appointments.appointment_date, appointments.appointment_time
2026-09-27 22:19:41,284 INFO sqlalchemy.engine.Engine [generated in 0.00080s] {'patient_id_1': 1}
INFO:     127.0.0.1:55277 - "GET /appointments/patient/1 HTTP/1.1" 200 OK
2026-09-27 22:19:41,300 INFO sqlalchemy.engine.Engine ROLLBACK
INFO:     127.0.0.1:55218 - "GET /assets/doctors-Dhd7oNJg.js HTTP/1.1" 200 OK
INFO:     127.0.0.1:55277 - "GET /assets/PatientDoctors-VxaxkAQF.js HTTP/1.1" 200 OK
2026-09-27 22:19:44,137 INFO sqlalchemy.engine.Engine BEGIN (implicit)
2026-09-27 22:19:44,138 INFO sqlalchemy.engine.Engine SELECT users.id AS users_id, users.name AS users_name, users.email AS users_email, users.password_hash AS users_password_hash, users.account_type AS users_account_type, users.role_id AS users_role_id, users.is_active AS users_is_active, users.created_at AS users_created_at 
FROM users 
WHERE users.id = %(id_1)s 
 LIMIT %(param_1)s
2026-09-27 22:19:44,139 INFO sqlalchemy.engine.Engine [cached since 26.18s ago] {'id_1': 2, 'param_1': 1}
2026-09-27 22:19:44,150 INFO sqlalchemy.engine.Engine SELECT doctors.id, doctors.employee_id, doctors.specialization, doctors.experience_years 
FROM doctors JOIN employees ON doctors.employee_id = employees.id 
WHERE employees.employment_status = %(employment_status_1)s ORDER BY employees.name
2026-09-27 22:19:44,151 INFO sqlalchemy.engine.Engine [generated in 0.00098s] {'employment_status_1': 'active'}
2026-09-27 22:19:44,187 INFO sqlalchemy.engine.Engine SELECT employees.id AS employees_id, employees.name AS employees_name, employees.role_id AS employees_role_id, employees.department_id AS employees_department_id, employees.dob AS employees_dob, employees.gender AS employees_gender, employees.phone AS employees_phone, employees.email AS employees_email, employees.address AS employees_address, employees.hire_date AS employees_hire_date, employees.salary AS employees_salary, employees.employment_status AS employees_employment_status, employees.created_at AS employees_created_at, employees.updated_at AS employees_updated_at 
FROM employees 
WHERE employees.id = %(pk_1)s
2026-09-27 22:19:44,188 INFO sqlalchemy.engine.Engine [generated in 0.00076s] {'pk_1': 16}
2026-09-27 22:19:44,193 INFO sqlalchemy.engine.Engine SELECT employees.id AS employees_id, employees.name AS employees_name, employees.role_id AS employees_role_id, employees.department_id AS employees_department_id, employees.dob AS employees_dob, employees.gender AS employees_gender, employees.phone AS employees_phone, employees.email AS employees_email, employees.address AS employees_address, employees.hire_date AS employees_hire_date, employees.salary AS employees_salary, employees.employment_status AS employees_employment_status, employees.created_at AS employees_created_at, employees.updated_at AS employees_updated_at 
FROM employees 
WHERE employees.id = %(pk_1)s
2026-09-27 22:19:44,194 INFO sqlalchemy.engine.Engine [cached since 0.006775s ago] {'pk_1': 19}
2026-09-27 22:19:44,196 INFO sqlalchemy.engine.Engine SELECT employees.id AS employees_id, employees.name AS employees_name, employees.role_id AS employees_role_id, employees.department_id AS employees_department_id, employees.dob AS employees_dob, employees.gender AS employees_gender, employees.phone AS employees_phone, employees.email AS employees_email, employees.address AS employees_address, employees.hire_date AS employees_hire_date, employees.salary AS employees_salary, employees.employment_status AS employees_employment_status, employees.created_at AS employees_created_at, employees.updated_at AS employees_updated_at 
FROM employees 
WHERE employees.id = %(pk_1)s
2026-09-27 22:19:44,196 INFO sqlalchemy.engine.Engine [cached since 0.009345s ago] {'pk_1': 1}
2026-09-27 22:19:44,198 INFO sqlalchemy.engine.Engine SELECT employees.id AS employees_id, employees.name AS employees_name, employees.role_id AS employees_role_id, employees.department_id AS employees_department_id, employees.dob AS employees_dob, employees.gender AS employees_gender, employees.phone AS employees_phone, employees.email AS employees_email, employees.address AS employees_address, employees.hire_date AS employees_hire_date, employees.salary AS employees_salary, employees.employment_status AS employees_employment_status, employees.created_at AS employees_created_at, employees.updated_at AS employees_updated_at 
FROM employees 
WHERE employees.id = %(pk_1)s
2026-09-27 22:19:44,199 INFO sqlalchemy.engine.Engine [cached since 0.01201s ago] {'pk_1': 4}
2026-09-27 22:19:44,201 INFO sqlalchemy.engine.Engine SELECT employees.id AS employees_id, employees.name AS employees_name, employees.role_id AS employees_role_id, employees.department_id AS employees_department_id, employees.dob AS employees_dob, employees.gender AS employees_gender, employees.phone AS employees_phone, employees.email AS employees_email, employees.address AS employees_address, employees.hire_date AS employees_hire_date, employees.salary AS employees_salary, employees.employment_status AS employees_employment_status, employees.created_at AS employees_created_at, employees.updated_at AS employees_updated_at 
FROM employees 
WHERE employees.id = %(pk_1)s
2026-09-27 22:19:44,201 INFO sqlalchemy.engine.Engine [cached since 0.01424s ago] {'pk_1': 20}
2026-09-27 22:19:44,203 INFO sqlalchemy.engine.Engine SELECT employees.id AS employees_id, employees.name AS employees_name, employees.role_id AS employees_role_id, employees.department_id AS employees_department_id, employees.dob AS employees_dob, employees.gender AS employees_gender, employees.phone AS employees_phone, employees.email AS employees_email, employees.address AS employees_address, employees.hire_date AS employees_hire_date, employees.salary AS employees_salary, employees.employment_status AS employees_employment_status, employees.created_at AS employees_created_at, employees.updated_at AS employees_updated_at 
FROM employees 
WHERE employees.id = %(pk_1)s
2026-09-27 22:19:44,203 INFO sqlalchemy.engine.Engine [cached since 0.01642s ago] {'pk_1': 18}
2026-09-27 22:19:44,205 INFO sqlalchemy.engine.Engine SELECT employees.id AS employees_id, employees.name AS employees_name, employees.role_id AS employees_role_id, employees.department_id AS employees_department_id, employees.dob AS employees_dob, employees.gender AS employees_gender, employees.phone AS employees_phone, employees.email AS employees_email, employees.address AS employees_address, employees.hire_date AS employees_hire_date, employees.salary AS employees_salary, employees.employment_status AS employees_employment_status, employees.created_at AS employees_created_at, employees.updated_at AS employees_updated_at 
FROM employees 
WHERE employees.id = %(pk_1)s
2026-09-27 22:19:44,205 INFO sqlalchemy.engine.Engine [cached since 0.01858s ago] {'pk_1': 3}
2026-09-27 22:19:44,209 INFO sqlalchemy.engine.Engine SELECT employees.id AS employees_id, employees.name AS employees_name, employees.role_id AS employees_role_id, employees.department_id AS employees_department_id, employees.dob AS employees_dob, employees.gender AS employees_gender, employees.phone AS employees_phone, employees.email AS employees_email, employees.address AS employees_address, employees.hire_date AS employees_hire_date, employees.salary AS employees_salary, employees.employment_status AS employees_employment_status, employees.created_at AS employees_created_at, employees.updated_at AS employees_updated_at 
FROM employees 
WHERE employees.id = %(pk_1)s
2026-09-27 22:19:44,210 INFO sqlalchemy.engine.Engine [cached since 0.02304s ago] {'pk_1': 2}
2026-09-27 22:19:44,212 INFO sqlalchemy.engine.Engine SELECT employees.id AS employees_id, employees.name AS employees_name, employees.role_id AS employees_role_id, employees.department_id AS employees_department_id, employees.dob AS employees_dob, employees.gender AS employees_gender, employees.phone AS employees_phone, employees.email AS employees_email, employees.address AS employees_address, employees.hire_date AS employees_hire_date, employees.salary AS employees_salary, employees.employment_status AS employees_employment_status, employees.created_at AS employees_created_at, employees.updated_at AS employees_updated_at 
FROM employees 
WHERE employees.id = %(pk_1)s
2026-09-27 22:19:44,213 INFO sqlalchemy.engine.Engine [cached since 0.02578s ago] {'pk_1': 21}
2026-09-27 22:19:44,214 INFO sqlalchemy.engine.Engine SELECT employees.id AS employees_id, employees.name AS employees_name, employees.role_id AS employees_role_id, employees.department_id AS employees_department_id, employees.dob AS employees_dob, employees.gender AS employees_gender, employees.phone AS employees_phone, employees.email AS employees_email, employees.address AS employees_address, employees.hire_date AS employees_hire_date, employees.salary AS employees_salary, employees.employment_status AS employees_employment_status, employees.created_at AS employees_created_at, employees.updated_at AS employees_updated_at 
FROM employees 
WHERE employees.id = %(pk_1)s
2026-09-27 22:19:44,215 INFO sqlalchemy.engine.Engine [cached since 0.02809s ago] {'pk_1': 10}
2026-09-27 22:19:44,217 INFO sqlalchemy.engine.Engine SELECT employees.id AS employees_id, employees.name AS employees_name, employees.role_id AS employees_role_id, employees.department_id AS employees_department_id, employees.dob AS employees_dob, employees.gender AS employees_gender, employees.phone AS employees_phone, employees.email AS employees_email, employees.address AS employees_address, employees.hire_date AS employees_hire_date, employees.salary AS employees_salary, employees.employment_status AS employees_employment_status, employees.created_at AS employees_created_at, employees.updated_at AS employees_updated_at 
FROM employees 
WHERE employees.id = %(pk_1)s
2026-09-27 22:19:44,217 INFO sqlalchemy.engine.Engine [cached since 0.03033s ago] {'pk_1': 17}
INFO:     127.0.0.1:55277 - "GET /doctors/available HTTP/1.1" 200 OK
2026-09-27 22:19:44,221 INFO sqlalchemy.engine.Engine ROLLBACK
INFO:     127.0.0.1:61895 - "GET /assets/medicalRecords-Cxi4r_g9.js HTTP/1.1" 200 OK
INFO:     127.0.0.1:65267 - "GET /assets/PatientMedicalRecords-DrCt_7CI.js HTTP/1.1" 200 OK
2026-09-27 22:19:49,631 INFO sqlalchemy.engine.Engine BEGIN (implicit)
2026-09-27 22:19:49,632 INFO sqlalchemy.engine.Engine SELECT users.id AS users_id, users.name AS users_name, users.email AS users_email, users.password_hash AS users_password_hash, users.account_type AS users_account_type, users.role_id AS users_role_id, users.is_active AS users_is_active, users.created_at AS users_created_at 
FROM users 
WHERE users.id = %(id_1)s 
 LIMIT %(param_1)s
2026-09-27 22:19:49,633 INFO sqlalchemy.engine.Engine [cached since 31.67s ago] {'id_1': 2, 'param_1': 1}
2026-09-27 22:19:49,640 INFO sqlalchemy.engine.Engine SELECT patients.id AS patients_id, patients.name AS patients_name, patients.date_of_birth AS patients_date_of_birth, patients.gender AS patients_gender, patients.phone AS patients_phone, patients.email AS patients_email, patients.address AS patients_address, patients.user_id AS patients_user_id 
FROM patients 
WHERE %(param_1)s = patients.user_id
2026-09-27 22:19:49,640 INFO sqlalchemy.engine.Engine [cached since 31.65s ago] {'param_1': 2}
2026-09-27 22:19:49,643 INFO sqlalchemy.engine.Engine SELECT patients.id AS patients_id, patients.name AS patients_name, patients.date_of_birth AS patients_date_of_birth, patients.gender AS patients_gender, patients.phone AS patients_phone, patients.email AS patients_email, patients.address AS patients_address, patients.user_id AS patients_user_id 
FROM patients 
WHERE patients.id = %(id_1)s 
 LIMIT %(param_1)s
2026-09-27 22:19:49,650 INFO sqlalchemy.engine.Engine [cached since 11.58s ago] {'id_1': 1, 'param_1': 1}
INFO:     127.0.0.1:65267 - "GET /patients/me HTTP/1.1" 200 OK
2026-09-27 22:19:49,658 INFO sqlalchemy.engine.Engine ROLLBACK
2026-09-27 22:19:49,672 INFO sqlalchemy.engine.Engine BEGIN (implicit)
2026-09-27 22:19:49,673 INFO sqlalchemy.engine.Engine SELECT users.id AS users_id, users.name AS users_name, users.email AS users_email, users.password_hash AS users_password_hash, users.account_type AS users_account_type, users.role_id AS users_role_id, users.is_active AS users_is_active, users.created_at AS users_created_at 
FROM users 
WHERE users.id = %(id_1)s 
 LIMIT %(param_1)s
2026-09-27 22:19:49,674 INFO sqlalchemy.engine.Engine [cached since 31.71s ago] {'id_1': 2, 'param_1': 1}
2026-09-27 22:19:49,677 INFO sqlalchemy.engine.Engine SELECT patients.id, patients.name, patients.date_of_birth, patients.gender, patients.phone, patients.email, patients.address, patients.user_id 
FROM patients 
WHERE patients.id = %(id_1)s
2026-09-27 22:19:49,678 INFO sqlalchemy.engine.Engine [generated in 0.00055s] {'id_1': 1}
2026-09-27 22:19:49,680 INFO sqlalchemy.engine.Engine SELECT patients.id AS patients_id, patients.name AS patients_name, patients.date_of_birth AS patients_date_of_birth, patients.gender AS patients_gender, patients.phone AS patients_phone, patients.email AS patients_email, patients.address AS patients_address, patients.user_id AS patients_user_id 
FROM patients 
WHERE %(param_1)s = patients.user_id
2026-09-27 22:19:49,681 INFO sqlalchemy.engine.Engine [cached since 31.69s ago] {'param_1': 2}
2026-09-27 22:19:49,684 INFO sqlalchemy.engine.Engine SELECT medical_records.id, medical_records.patient_id, medical_records.doctor_id, medical_records.diagnosis, medical_records.notes, medical_records.record_date 
FROM medical_records 
WHERE medical_records.patient_id = %(patient_id_1)s ORDER BY medical_records.record_date DESC, medical_records.id DESC
2026-09-27 22:19:49,684 INFO sqlalchemy.engine.Engine [generated in 0.00064s] {'patient_id_1': 1}
INFO:     127.0.0.1:65267 - "GET /medical-records/patient/1 HTTP/1.1" 200 OK
2026-09-27 22:19:49,691 INFO sqlalchemy.engine.Engine ROLLBACK
2026-09-27 22:20:00,922 INFO sqlalchemy.engine.Engine BEGIN (implicit)
2026-09-27 22:20:00,923 INFO sqlalchemy.engine.Engine SELECT users.id AS users_id, users.name AS users_name, users.email AS users_email, users.password_hash AS users_password_hash, users.account_type AS users_account_type, users.role_id AS users_role_id, users.is_active AS users_is_active, users.created_at AS users_created_at 
FROM users 
WHERE users.id = %(id_1)s 
 LIMIT %(param_1)s
2026-09-27 22:20:00,923 INFO sqlalchemy.engine.Engine [cached since 42.96s ago] {'id_1': 2, 'param_1': 1}
2026-09-27 22:20:00,928 INFO sqlalchemy.engine.Engine SELECT doctors.id, doctors.employee_id, doctors.specialization, doctors.experience_years 
FROM doctors JOIN employees ON doctors.employee_id = employees.id 
WHERE employees.employment_status = %(employment_status_1)s ORDER BY employees.name
2026-09-27 22:20:00,929 INFO sqlalchemy.engine.Engine [cached since 16.78s ago] {'employment_status_1': 'active'}
2026-09-27 22:20:00,955 INFO sqlalchemy.engine.Engine SELECT employees.id AS employees_id, employees.name AS employees_name, employees.role_id AS employees_role_id, employees.department_id AS employees_department_id, employees.dob AS employees_dob, employees.gender AS employees_gender, employees.phone AS employees_phone, employees.email AS employees_email, employees.address AS employees_address, employees.hire_date AS employees_hire_date, employees.salary AS employees_salary, employees.employment_status AS employees_employment_status, employees.created_at AS employees_created_at, employees.updated_at AS employees_updated_at 
FROM employees 
WHERE employees.id = %(pk_1)s
2026-09-27 22:20:00,956 INFO sqlalchemy.engine.Engine [cached since 16.77s ago] {'pk_1': 16}
2026-09-27 22:20:00,958 INFO sqlalchemy.engine.Engine SELECT employees.id AS employees_id, employees.name AS employees_name, employees.role_id AS employees_role_id, employees.department_id AS employees_department_id, employees.dob AS employees_dob, employees.gender AS employees_gender, employees.phone AS employees_phone, employees.email AS employees_email, employees.address AS employees_address, employees.hire_date AS employees_hire_date, employees.salary AS employees_salary, employees.employment_status AS employees_employment_status, employees.created_at AS employees_created_at, employees.updated_at AS employees_updated_at 
FROM employees 
WHERE employees.id = %(pk_1)s
2026-09-27 22:20:00,959 INFO sqlalchemy.engine.Engine [cached since 16.77s ago] {'pk_1': 19}
2026-09-27 22:20:00,963 INFO sqlalchemy.engine.Engine SELECT employees.id AS employees_id, employees.name AS employees_name, employees.role_id AS employees_role_id, employees.department_id AS employees_department_id, employees.dob AS employees_dob, employees.gender AS employees_gender, employees.phone AS employees_phone, employees.email AS employees_email, employees.address AS employees_address, employees.hire_date AS employees_hire_date, employees.salary AS employees_salary, employees.employment_status AS employees_employment_status, employees.created_at AS employees_created_at, employees.updated_at AS employees_updated_at 
FROM employees 
WHERE employees.id = %(pk_1)s
2026-09-27 22:20:00,964 INFO sqlalchemy.engine.Engine [cached since 16.78s ago] {'pk_1': 1}
2026-09-27 22:20:00,966 INFO sqlalchemy.engine.Engine SELECT employees.id AS employees_id, employees.name AS employees_name, employees.role_id AS employees_role_id, employees.department_id AS employees_department_id, employees.dob AS employees_dob, employees.gender AS employees_gender, employees.phone AS employees_phone, employees.email AS employees_email, employees.address AS employees_address, employees.hire_date AS employees_hire_date, employees.salary AS employees_salary, employees.employment_status AS employees_employment_status, employees.created_at AS employees_created_at, employees.updated_at AS employees_updated_at 
FROM employees 
WHERE employees.id = %(pk_1)s
2026-09-27 22:20:00,966 INFO sqlalchemy.engine.Engine [cached since 16.78s ago] {'pk_1': 4}
2026-09-27 22:20:00,968 INFO sqlalchemy.engine.Engine SELECT employees.id AS employees_id, employees.name AS employees_name, employees.role_id AS employees_role_id, employees.department_id AS employees_department_id, employees.dob AS employees_dob, employees.gender AS employees_gender, employees.phone AS employees_phone, employees.email AS employees_email, employees.address AS employees_address, employees.hire_date AS employees_hire_date, employees.salary AS employees_salary, employees.employment_status AS employees_employment_status, employees.created_at AS employees_created_at, employees.updated_at AS employees_updated_at 
FROM employees 
WHERE employees.id = %(pk_1)s
2026-09-27 22:20:00,968 INFO sqlalchemy.engine.Engine [cached since 16.78s ago] {'pk_1': 20}
2026-09-27 22:20:00,970 INFO sqlalchemy.engine.Engine SELECT employees.id AS employees_id, employees.name AS employees_name, employees.role_id AS employees_role_id, employees.department_id AS employees_department_id, employees.dob AS employees_dob, employees.gender AS employees_gender, employees.phone AS employees_phone, employees.email AS employees_email, employees.address AS employees_address, employees.hire_date AS employees_hire_date, employees.salary AS employees_salary, employees.employment_status AS employees_employment_status, employees.created_at AS employees_created_at, employees.updated_at AS employees_updated_at 
FROM employees 
WHERE employees.id = %(pk_1)s
2026-09-27 22:20:00,971 INFO sqlalchemy.engine.Engine [cached since 16.78s ago] {'pk_1': 18}
2026-09-27 22:20:00,972 INFO sqlalchemy.engine.Engine SELECT employees.id AS employees_id, employees.name AS employees_name, employees.role_id AS employees_role_id, employees.department_id AS employees_department_id, employees.dob AS employees_dob, employees.gender AS employees_gender, employees.phone AS employees_phone, employees.email AS employees_email, employees.address AS employees_address, employees.hire_date AS employees_hire_date, employees.salary AS employees_salary, employees.employment_status AS employees_employment_status, employees.created_at AS employees_created_at, employees.updated_at AS employees_updated_at 
FROM employees 
WHERE employees.id = %(pk_1)s
2026-09-27 22:20:00,973 INFO sqlalchemy.engine.Engine [cached since 16.79s ago] {'pk_1': 3}
2026-09-27 22:20:00,975 INFO sqlalchemy.engine.Engine SELECT employees.id AS employees_id, employees.name AS employees_name, employees.role_id AS employees_role_id, employees.department_id AS employees_department_id, employees.dob AS employees_dob, employees.gender AS employees_gender, employees.phone AS employees_phone, employees.email AS employees_email, employees.address AS employees_address, employees.hire_date AS employees_hire_date, employees.salary AS employees_salary, employees.employment_status AS employees_employment_status, employees.created_at AS employees_created_at, employees.updated_at AS employees_updated_at 
FROM employees 
WHERE employees.id = %(pk_1)s
2026-09-27 22:20:00,977 INFO sqlalchemy.engine.Engine [cached since 16.79s ago] {'pk_1': 2}
2026-09-27 22:20:00,980 INFO sqlalchemy.engine.Engine SELECT employees.id AS employees_id, employees.name AS employees_name, employees.role_id AS employees_role_id, employees.department_id AS employees_department_id, employees.dob AS employees_dob, employees.gender AS employees_gender, employees.phone AS employees_phone, employees.email AS employees_email, employees.address AS employees_address, employees.hire_date AS employees_hire_date, employees.salary AS employees_salary, employees.employment_status AS employees_employment_status, employees.created_at AS employees_created_at, employees.updated_at AS employees_updated_at 
FROM employees 
WHERE employees.id = %(pk_1)s
2026-09-27 22:20:00,981 INFO sqlalchemy.engine.Engine [cached since 16.79s ago] {'pk_1': 21}
2026-09-27 22:20:00,983 INFO sqlalchemy.engine.Engine SELECT employees.id AS employees_id, employees.name AS employees_name, employees.role_id AS employees_role_id, employees.department_id AS employees_department_id, employees.dob AS employees_dob, employees.gender AS employees_gender, employees.phone AS employees_phone, employees.email AS employees_email, employees.address AS employees_address, employees.hire_date AS employees_hire_date, employees.salary AS employees_salary, employees.employment_status AS employees_employment_status, employees.created_at AS employees_created_at, employees.updated_at AS employees_updated_at 
FROM employees 
WHERE employees.id = %(pk_1)s
2026-09-27 22:20:00,983 INFO sqlalchemy.engine.Engine [cached since 16.8s ago] {'pk_1': 10}
2026-09-27 22:20:00,985 INFO sqlalchemy.engine.Engine SELECT employees.id AS employees_id, employees.name AS employees_name, employees.role_id AS employees_role_id, employees.department_id AS employees_department_id, employees.dob AS employees_dob, employees.gender AS employees_gender, employees.phone AS employees_phone, employees.email AS employees_email, employees.address AS employees_address, employees.hire_date AS employees_hire_date, employees.salary AS employees_salary, employees.employment_status AS employees_employment_status, employees.created_at AS employees_created_at, employees.updated_at AS employees_updated_at 
FROM employees 
WHERE employees.id = %(pk_1)s
2026-09-27 22:20:00,986 INFO sqlalchemy.engine.Engine [cached since 16.8s ago] {'pk_1': 17}
INFO:     127.0.0.1:50471 - "GET /doctors/available HTTP/1.1" 200 OK
2026-09-27 22:20:00,989 INFO sqlalchemy.engine.Engine ROLLBACK
2026-09-27 22:20:02,102 INFO sqlalchemy.engine.Engine BEGIN (implicit)
2026-09-27 22:20:02,103 INFO sqlalchemy.engine.Engine SELECT users.id AS users_id, users.name AS users_name, users.email AS users_email, users.password_hash AS users_password_hash, users.account_type AS users_account_type, users.role_id AS users_role_id, users.is_active AS users_is_active, users.created_at AS users_created_at 
FROM users 
WHERE users.id = %(id_1)s 
 LIMIT %(param_1)s
2026-09-27 22:20:02,103 INFO sqlalchemy.engine.Engine [cached since 44.14s ago] {'id_1': 2, 'param_1': 1}
2026-09-27 22:20:02,106 INFO sqlalchemy.engine.Engine SELECT patients.id AS patients_id, patients.name AS patients_name, patients.date_of_birth AS patients_date_of_birth, patients.gender AS patients_gender, patients.phone AS patients_phone, patients.email AS patients_email, patients.address AS patients_address, patients.user_id AS patients_user_id 
FROM patients 
WHERE %(param_1)s = patients.user_id
2026-09-27 22:20:02,107 INFO sqlalchemy.engine.Engine [cached since 44.12s ago] {'param_1': 2}
2026-09-27 22:20:02,113 INFO sqlalchemy.engine.Engine SELECT patients.id AS patients_id, patients.name AS patients_name, patients.date_of_birth AS patients_date_of_birth, patients.gender AS patients_gender, patients.phone AS patients_phone, patients.email AS patients_email, patients.address AS patients_address, patients.user_id AS patients_user_id 
FROM patients 
WHERE patients.id = %(id_1)s 
 LIMIT %(param_1)s
2026-09-27 22:20:02,113 INFO sqlalchemy.engine.Engine [cached since 24.05s ago] {'id_1': 1, 'param_1': 1}
INFO:     127.0.0.1:50471 - "GET /patients/me HTTP/1.1" 200 OK
2026-09-27 22:20:02,120 INFO sqlalchemy.engine.Engine ROLLBACK
2026-09-27 22:20:02,124 INFO sqlalchemy.engine.Engine BEGIN (implicit)
2026-09-27 22:20:02,124 INFO sqlalchemy.engine.Engine SELECT users.id AS users_id, users.name AS users_name, users.email AS users_email, users.password_hash AS users_password_hash, users.account_type AS users_account_type, users.role_id AS users_role_id, users.is_active AS users_is_active, users.created_at AS users_created_at 
FROM users 
WHERE users.id = %(id_1)s 
 LIMIT %(param_1)s
2026-09-27 22:20:02,127 INFO sqlalchemy.engine.Engine [cached since 44.16s ago] {'id_1': 2, 'param_1': 1}
2026-09-27 22:20:02,130 INFO sqlalchemy.engine.Engine SELECT patients.id, patients.name, patients.date_of_birth, patients.gender, patients.phone, patients.email, patients.address, patients.user_id 
FROM patients 
WHERE patients.id = %(id_1)s
2026-09-27 22:20:02,131 INFO sqlalchemy.engine.Engine [cached since 12.45s ago] {'id_1': 1}
2026-09-27 22:20:02,132 INFO sqlalchemy.engine.Engine SELECT patients.id AS patients_id, patients.name AS patients_name, patients.date_of_birth AS patients_date_of_birth, patients.gender AS patients_gender, patients.phone AS patients_phone, patients.email AS patients_email, patients.address AS patients_address, patients.user_id AS patients_user_id 
FROM patients 
WHERE %(param_1)s = patients.user_id
2026-09-27 22:20:02,133 INFO sqlalchemy.engine.Engine [cached since 44.14s ago] {'param_1': 2}
2026-09-27 22:20:02,134 INFO sqlalchemy.engine.Engine SELECT medical_records.id, medical_records.patient_id, medical_records.doctor_id, medical_records.diagnosis, medical_records.notes, medical_records.record_date 
FROM medical_records 
WHERE medical_records.patient_id = %(patient_id_1)s ORDER BY medical_records.record_date DESC, medical_records.id DESC
2026-09-27 22:20:02,135 INFO sqlalchemy.engine.Engine [cached since 12.45s ago] {'patient_id_1': 1}
INFO:     127.0.0.1:50471 - "GET /medical-records/patient/1 HTTP/1.1" 200 OK
2026-09-27 22:20:02,145 INFO sqlalchemy.engine.Engine ROLLBACK
INFO:     127.0.0.1:51417 - "GET /assets/labResults-i2kfcr-o.js HTTP/1.1" 200 OK
INFO:     127.0.0.1:50471 - "GET /assets/PatientLabResults-CSRt0I1l.js HTTP/1.1" 200 OK
2026-09-27 22:20:04,036 INFO sqlalchemy.engine.Engine BEGIN (implicit)
2026-09-27 22:20:04,037 INFO sqlalchemy.engine.Engine SELECT users.id AS users_id, users.name AS users_name, users.email AS users_email, users.password_hash AS users_password_hash, users.account_type AS users_account_type, users.role_id AS users_role_id, users.is_active AS users_is_active, users.created_at AS users_created_at 
FROM users 
WHERE users.id = %(id_1)s 
 LIMIT %(param_1)s
2026-09-27 22:20:04,037 INFO sqlalchemy.engine.Engine [cached since 46.08s ago] {'id_1': 2, 'param_1': 1}
2026-09-27 22:20:04,039 INFO sqlalchemy.engine.Engine SELECT patients.id AS patients_id, patients.name AS patients_name, patients.date_of_birth AS patients_date_of_birth, patients.gender AS patients_gender, patients.phone AS patients_phone, patients.email AS patients_email, patients.address AS patients_address, patients.user_id AS patients_user_id 
FROM patients 
WHERE %(param_1)s = patients.user_id
2026-09-27 22:20:04,041 INFO sqlalchemy.engine.Engine [cached since 46.05s ago] {'param_1': 2}
2026-09-27 22:20:04,044 INFO sqlalchemy.engine.Engine SELECT patients.id AS patients_id, patients.name AS patients_name, patients.date_of_birth AS patients_date_of_birth, patients.gender AS patients_gender, patients.phone AS patients_phone, patients.email AS patients_email, patients.address AS patients_address, patients.user_id AS patients_user_id 
FROM patients 
WHERE patients.id = %(id_1)s 
 LIMIT %(param_1)s
2026-09-27 22:20:04,044 INFO sqlalchemy.engine.Engine [cached since 25.98s ago] {'id_1': 1, 'param_1': 1}
INFO:     127.0.0.1:50471 - "GET /patients/me HTTP/1.1" 200 OK
2026-09-27 22:20:04,051 INFO sqlalchemy.engine.Engine ROLLBACK
2026-09-27 22:20:04,063 INFO sqlalchemy.engine.Engine BEGIN (implicit)
2026-09-27 22:20:04,063 INFO sqlalchemy.engine.Engine SELECT users.id AS users_id, users.name AS users_name, users.email AS users_email, users.password_hash AS users_password_hash, users.account_type AS users_account_type, users.role_id AS users_role_id, users.is_active AS users_is_active, users.created_at AS users_created_at 
FROM users 
WHERE users.id = %(id_1)s 
 LIMIT %(param_1)s
2026-09-27 22:20:04,064 INFO sqlalchemy.engine.Engine [cached since 46.1s ago] {'id_1': 2, 'param_1': 1}
2026-09-27 22:20:04,066 INFO sqlalchemy.engine.Engine SELECT patients.id, patients.name, patients.date_of_birth, patients.gender, patients.phone, patients.email, patients.address, patients.user_id 
FROM patients 
WHERE patients.id = %(id_1)s
2026-09-27 22:20:04,067 INFO sqlalchemy.engine.Engine [cached since 14.39s ago] {'id_1': 1}
2026-09-27 22:20:04,068 INFO sqlalchemy.engine.Engine SELECT patients.id AS patients_id, patients.name AS patients_name, patients.date_of_birth AS patients_date_of_birth, patients.gender AS patients_gender, patients.phone AS patients_phone, patients.email AS patients_email, patients.address AS patients_address, patients.user_id AS patients_user_id 
FROM patients 
WHERE %(param_1)s = patients.user_id
2026-09-27 22:20:04,069 INFO sqlalchemy.engine.Engine [cached since 46.08s ago] {'param_1': 2}
2026-09-27 22:20:04,072 INFO sqlalchemy.engine.Engine SELECT lab_results.id, lab_results.lab_test_id, lab_results.result, lab_results.unit, lab_results.reference_range, lab_results.remarks, lab_results.reported_at 
FROM lab_results JOIN lab_tests ON lab_results.lab_test_id = lab_tests.id 
WHERE lab_tests.patient_id = %(patient_id_1)s ORDER BY lab_results.reported_at DESC, lab_results.id DESC
2026-09-27 22:20:04,073 INFO sqlalchemy.engine.Engine [generated in 0.00052s] {'patient_id_1': 1}
INFO:     127.0.0.1:50471 - "GET /lab-results/patient/1 HTTP/1.1" 200 OK
2026-09-27 22:20:04,088 INFO sqlalchemy.engine.Engine ROLLBACK
INFO:     127.0.0.1:50471 - "GET /assets/PatientPrescriptions-nVUPfNPP.js HTTP/1.1" 200 OK
INFO:     127.0.0.1:51417 - "GET /assets/prescriptions-Btyi1psZ.js HTTP/1.1" 200 OK
2026-09-27 22:20:05,842 INFO sqlalchemy.engine.Engine BEGIN (implicit)
2026-09-27 22:20:05,842 INFO sqlalchemy.engine.Engine BEGIN (implicit)
2026-09-27 22:20:05,843 INFO sqlalchemy.engine.Engine SELECT users.id AS users_id, users.name AS users_name, users.email AS users_email, users.password_hash AS users_password_hash, users.account_type AS users_account_type, users.role_id AS users_role_id, users.is_active AS users_is_active, users.created_at AS users_created_at 
FROM users 
WHERE users.id = %(id_1)s 
 LIMIT %(param_1)s
2026-09-27 22:20:05,844 INFO sqlalchemy.engine.Engine SELECT users.id AS users_id, users.name AS users_name, users.email AS users_email, users.password_hash AS users_password_hash, users.account_type AS users_account_type, users.role_id AS users_role_id, users.is_active AS users_is_active, users.created_at AS users_created_at 
FROM users 
WHERE users.id = %(id_1)s 
 LIMIT %(param_1)s
2026-09-27 22:20:05,844 INFO sqlalchemy.engine.Engine [cached since 47.88s ago] {'id_1': 2, 'param_1': 1}
2026-09-27 22:20:05,845 INFO sqlalchemy.engine.Engine [cached since 47.88s ago] {'id_1': 2, 'param_1': 1}
2026-09-27 22:20:05,848 INFO sqlalchemy.engine.Engine SELECT patients.id AS patients_id, patients.name AS patients_name, patients.date_of_birth AS patients_date_of_birth, patients.gender AS patients_gender, patients.phone AS patients_phone, patients.email AS patients_email, patients.address AS patients_address, patients.user_id AS patients_user_id 
FROM patients 
WHERE %(param_1)s = patients.user_id
2026-09-27 22:20:05,849 INFO sqlalchemy.engine.Engine SELECT patients.id AS patients_id, patients.name AS patients_name, patients.date_of_birth AS patients_date_of_birth, patients.gender AS patients_gender, patients.phone AS patients_phone, patients.email AS patients_email, patients.address AS patients_address, patients.user_id AS patients_user_id 
FROM patients 
WHERE %(param_1)s = patients.user_id
2026-09-27 22:20:05,849 INFO sqlalchemy.engine.Engine [cached since 47.86s ago] {'param_1': 2}
2026-09-27 22:20:05,849 INFO sqlalchemy.engine.Engine [cached since 47.86s ago] {'param_1': 2}
2026-09-27 22:20:05,851 INFO sqlalchemy.engine.Engine SELECT prescriptions.id, prescriptions.patient_id, prescriptions.doctor_id, prescriptions.pharmacy_id, prescriptions.lab_test_id, prescriptions.prescription_date 
FROM prescriptions 
WHERE prescriptions.patient_id = %(patient_id_1)s ORDER BY prescriptions.prescription_date DESC, prescriptions.id DESC
2026-09-27 22:20:05,864 INFO sqlalchemy.engine.Engine SELECT prescription_medicines.prescription_id AS prescription_medicines_prescription_id, prescription_medicines.medicine_id AS prescription_medicines_medicine_id, prescription_medicines.quantity AS prescription_medicines_quantity, prescription_medicines.dosage AS prescription_medicines_dosage, prescription_medicines.duration AS prescription_medicines_duration, prescription_medicines.instructions AS prescription_medicines_instructions 
FROM prescription_medicines JOIN prescriptions ON prescriptions.id = prescription_medicines.prescription_id 
WHERE prescriptions.patient_id = %(patient_id_1)s ORDER BY prescription_medicines.prescription_id, prescription_medicines.medicine_id
2026-09-27 22:20:05,865 INFO sqlalchemy.engine.Engine [generated in 0.01353s] {'patient_id_1': 1}
2026-09-27 22:20:05,865 INFO sqlalchemy.engine.Engine [generated in 0.00076s] {'patient_id_1': 1}
INFO:     127.0.0.1:51417 - "GET /prescriptions/ HTTP/1.1" 200 OK
2026-09-27 22:20:05,869 INFO sqlalchemy.engine.Engine ROLLBACK
INFO:     127.0.0.1:50471 - "GET /prescription-medicines/ HTTP/1.1" 200 OK
2026-09-27 22:20:05,885 INFO sqlalchemy.engine.Engine ROLLBACK
INFO:     127.0.0.1:50471 - "GET /assets/PatientVitals-BFooDGXO.js HTTP/1.1" 200 OK
INFO:     127.0.0.1:51417 - "GET /assets/vitals-DljWwpZY.js HTTP/1.1" 200 OK
2026-09-27 22:20:09,295 INFO sqlalchemy.engine.Engine BEGIN (implicit)
2026-09-27 22:20:09,296 INFO sqlalchemy.engine.Engine SELECT users.id AS users_id, users.name AS users_name, users.email AS users_email, users.password_hash AS users_password_hash, users.account_type AS users_account_type, users.role_id AS users_role_id, users.is_active AS users_is_active, users.created_at AS users_created_at 
FROM users 
WHERE users.id = %(id_1)s 
 LIMIT %(param_1)s
2026-09-27 22:20:09,296 INFO sqlalchemy.engine.Engine [cached since 51.33s ago] {'id_1': 2, 'param_1': 1}
2026-09-27 22:20:09,310 INFO sqlalchemy.engine.Engine SELECT patients.id AS patients_id, patients.name AS patients_name, patients.date_of_birth AS patients_date_of_birth, patients.gender AS patients_gender, patients.phone AS patients_phone, patients.email AS patients_email, patients.address AS patients_address, patients.user_id AS patients_user_id 
FROM patients 
WHERE %(param_1)s = patients.user_id
2026-09-27 22:20:09,311 INFO sqlalchemy.engine.Engine [cached since 51.32s ago] {'param_1': 2}
2026-09-27 22:20:09,313 INFO sqlalchemy.engine.Engine SELECT patients.id AS patients_id, patients.name AS patients_name, patients.date_of_birth AS patients_date_of_birth, patients.gender AS patients_gender, patients.phone AS patients_phone, patients.email AS patients_email, patients.address AS patients_address, patients.user_id AS patients_user_id 
FROM patients 
WHERE patients.id = %(id_1)s 
 LIMIT %(param_1)s
2026-09-27 22:20:09,313 INFO sqlalchemy.engine.Engine [cached since 31.25s ago] {'id_1': 1, 'param_1': 1}
INFO:     127.0.0.1:50471 - "GET /patients/me HTTP/1.1" 200 OK
2026-09-27 22:20:09,317 INFO sqlalchemy.engine.Engine ROLLBACK
2026-09-27 22:20:09,328 INFO sqlalchemy.engine.Engine BEGIN (implicit)
2026-09-27 22:20:09,330 INFO sqlalchemy.engine.Engine SELECT users.id AS users_id, users.name AS users_name, users.email AS users_email, users.password_hash AS users_password_hash, users.account_type AS users_account_type, users.role_id AS users_role_id, users.is_active AS users_is_active, users.created_at AS users_created_at 
FROM users 
WHERE users.id = %(id_1)s 
 LIMIT %(param_1)s
2026-09-27 22:20:09,331 INFO sqlalchemy.engine.Engine [cached since 51.37s ago] {'id_1': 2, 'param_1': 1}
2026-09-27 22:20:09,333 INFO sqlalchemy.engine.Engine SELECT patients.id, patients.name, patients.date_of_birth, patients.gender, patients.phone, patients.email, patients.address, patients.user_id 
FROM patients 
WHERE patients.id = %(id_1)s
2026-09-27 22:20:09,334 INFO sqlalchemy.engine.Engine [cached since 19.66s ago] {'id_1': 1}
2026-09-27 22:20:09,337 INFO sqlalchemy.engine.Engine SELECT patients.id AS patients_id, patients.name AS patients_name, patients.date_of_birth AS patients_date_of_birth, patients.gender AS patients_gender, patients.phone AS patients_phone, patients.email AS patients_email, patients.address AS patients_address, patients.user_id AS patients_user_id 
FROM patients 
WHERE %(param_1)s = patients.user_id
2026-09-27 22:20:09,338 INFO sqlalchemy.engine.Engine [cached since 51.35s ago] {'param_1': 2}
2026-09-27 22:20:09,342 INFO sqlalchemy.engine.Engine SELECT vitals.id, vitals.patient_id, vitals.recorded_by, vitals.recorded_at, vitals.temperature, vitals.heart_rate, vitals.blood_pressure_systolic, vitals.blood_pressure_diastolic, vitals.respiratory_rate, vitals.oxygen_saturation, vitals.weight 
FROM vitals 
WHERE vitals.patient_id = %(patient_id_1)s ORDER BY vitals.recorded_at DESC, vitals.id DESC
2026-09-27 22:20:09,343 INFO sqlalchemy.engine.Engine [generated in 0.00066s] {'patient_id_1': 1}
INFO:     127.0.0.1:50471 - "GET /vitals/patient/1 HTTP/1.1" 200 OK
2026-09-27 22:20:09,359 INFO sqlalchemy.engine.Engine ROLLBACK
INFO:     127.0.0.1:50471 - "GET /assets/PatientAdmissions-BnQ6xuXz.js HTTP/1.1" 200 OK
INFO:     127.0.0.1:51417 - "GET /assets/admissions-BWYkYBzj.js HTTP/1.1" 200 OK
2026-09-27 22:20:11,640 INFO sqlalchemy.engine.Engine BEGIN (implicit)
2026-09-27 22:20:11,642 INFO sqlalchemy.engine.Engine SELECT users.id AS users_id, users.name AS users_name, users.email AS users_email, users.password_hash AS users_password_hash, users.account_type AS users_account_type, users.role_id AS users_role_id, users.is_active AS users_is_active, users.created_at AS users_created_at 
FROM users 
WHERE users.id = %(id_1)s 
 LIMIT %(param_1)s
2026-09-27 22:20:11,642 INFO sqlalchemy.engine.Engine [cached since 53.68s ago] {'id_1': 2, 'param_1': 1}
2026-09-27 22:20:11,647 INFO sqlalchemy.engine.Engine SELECT patients.id AS patients_id, patients.name AS patients_name, patients.date_of_birth AS patients_date_of_birth, patients.gender AS patients_gender, patients.phone AS patients_phone, patients.email AS patients_email, patients.address AS patients_address, patients.user_id AS patients_user_id 
FROM patients 
WHERE %(param_1)s = patients.user_id
2026-09-27 22:20:11,647 INFO sqlalchemy.engine.Engine [cached since 53.66s ago] {'param_1': 2}
2026-09-27 22:20:11,649 INFO sqlalchemy.engine.Engine SELECT patients.id AS patients_id, patients.name AS patients_name, patients.date_of_birth AS patients_date_of_birth, patients.gender AS patients_gender, patients.phone AS patients_phone, patients.email AS patients_email, patients.address AS patients_address, patients.user_id AS patients_user_id 
FROM patients 
WHERE patients.id = %(id_1)s 
 LIMIT %(param_1)s
2026-09-27 22:20:11,650 INFO sqlalchemy.engine.Engine [cached since 33.58s ago] {'id_1': 1, 'param_1': 1}
INFO:     127.0.0.1:50471 - "GET /patients/me HTTP/1.1" 200 OK
2026-09-27 22:20:11,659 INFO sqlalchemy.engine.Engine ROLLBACK
2026-09-27 22:20:11,669 INFO sqlalchemy.engine.Engine BEGIN (implicit)
2026-09-27 22:20:11,671 INFO sqlalchemy.engine.Engine SELECT users.id AS users_id, users.name AS users_name, users.email AS users_email, users.password_hash AS users_password_hash, users.account_type AS users_account_type, users.role_id AS users_role_id, users.is_active AS users_is_active, users.created_at AS users_created_at 
FROM users 
WHERE users.id = %(id_1)s 
 LIMIT %(param_1)s
2026-09-27 22:20:11,672 INFO sqlalchemy.engine.Engine [cached since 53.71s ago] {'id_1': 2, 'param_1': 1}
2026-09-27 22:20:11,675 INFO sqlalchemy.engine.Engine SELECT patients.id, patients.name, patients.date_of_birth, patients.gender, patients.phone, patients.email, patients.address, patients.user_id 
FROM patients 
WHERE patients.id = %(id_1)s
2026-09-27 22:20:11,675 INFO sqlalchemy.engine.Engine [cached since 22s ago] {'id_1': 1}
2026-09-27 22:20:11,677 INFO sqlalchemy.engine.Engine SELECT patients.id AS patients_id, patients.name AS patients_name, patients.date_of_birth AS patients_date_of_birth, patients.gender AS patients_gender, patients.phone AS patients_phone, patients.email AS patients_email, patients.address AS patients_address, patients.user_id AS patients_user_id 
FROM patients 
WHERE %(param_1)s = patients.user_id
2026-09-27 22:20:11,677 INFO sqlalchemy.engine.Engine [cached since 53.69s ago] {'param_1': 2}
2026-09-27 22:20:11,680 INFO sqlalchemy.engine.Engine SELECT admissions.id, admissions.patient_id, admissions.doctor_id, admissions.bed_id, admissions.admission_date, admissions.discharge_date, admissions.status 
FROM admissions 
WHERE admissions.patient_id = %(patient_id_1)s ORDER BY admissions.admission_date DESC, admissions.id DESC
2026-09-27 22:20:11,681 INFO sqlalchemy.engine.Engine [generated in 0.00059s] {'patient_id_1': 1}
INFO:     127.0.0.1:50471 - "GET /admissions/patient/1 HTTP/1.1" 200 OK
2026-09-27 22:20:11,703 INFO sqlalchemy.engine.Engine ROLLBACK
INFO:     127.0.0.1:65069 - "GET /assets/PatientBilling-Cxps9wuT.js HTTP/1.1" 200 OK
INFO:     127.0.0.1:61114 - "GET /assets/billing-PKKPTi54.js HTTP/1.1" 200 OK
2026-09-27 22:20:17,346 INFO sqlalchemy.engine.Engine BEGIN (implicit)
2026-09-27 22:20:17,347 INFO sqlalchemy.engine.Engine BEGIN (implicit)
2026-09-27 22:20:17,348 INFO sqlalchemy.engine.Engine SELECT users.id AS users_id, users.name AS users_name, users.email AS users_email, users.password_hash AS users_password_hash, users.account_type AS users_account_type, users.role_id AS users_role_id, users.is_active AS users_is_active, users.created_at AS users_created_at 
FROM users 
WHERE users.id = %(id_1)s 
 LIMIT %(param_1)s
2026-09-27 22:20:17,349 INFO sqlalchemy.engine.Engine SELECT users.id AS users_id, users.name AS users_name, users.email AS users_email, users.password_hash AS users_password_hash, users.account_type AS users_account_type, users.role_id AS users_role_id, users.is_active AS users_is_active, users.created_at AS users_created_at 
FROM users 
WHERE users.id = %(id_1)s 
 LIMIT %(param_1)s
2026-09-27 22:20:17,350 INFO sqlalchemy.engine.Engine [cached since 59.39s ago] {'id_1': 2, 'param_1': 1}
2026-09-27 22:20:17,350 INFO sqlalchemy.engine.Engine [cached since 59.39s ago] {'id_1': 2, 'param_1': 1}
2026-09-27 22:20:17,353 INFO sqlalchemy.engine.Engine SELECT patients.id AS patients_id, patients.name AS patients_name, patients.date_of_birth AS patients_date_of_birth, patients.gender AS patients_gender, patients.phone AS patients_phone, patients.email AS patients_email, patients.address AS patients_address, patients.user_id AS patients_user_id 
FROM patients 
WHERE %(param_1)s = patients.user_id
2026-09-27 22:20:17,354 INFO sqlalchemy.engine.Engine SELECT patients.id AS patients_id, patients.name AS patients_name, patients.date_of_birth AS patients_date_of_birth, patients.gender AS patients_gender, patients.phone AS patients_phone, patients.email AS patients_email, patients.address AS patients_address, patients.user_id AS patients_user_id 
FROM patients 
WHERE %(param_1)s = patients.user_id
2026-09-27 22:20:17,354 INFO sqlalchemy.engine.Engine [cached since 59.37s ago] {'param_1': 2}
2026-09-27 22:20:17,355 INFO sqlalchemy.engine.Engine [cached since 59.37s ago] {'param_1': 2}
2026-09-27 22:20:17,358 INFO sqlalchemy.engine.Engine SELECT invoices.id AS invoices_id, invoices.patient_id AS invoices_patient_id, invoices.invoice_date AS invoices_invoice_date, invoices.status AS invoices_status 
FROM invoices 
WHERE invoices.patient_id = %(patient_id_1)s ORDER BY invoices.invoice_date DESC
2026-09-27 22:20:17,361 INFO sqlalchemy.engine.Engine [generated in 0.00305s] {'patient_id_1': 1}
2026-09-27 22:20:17,361 INFO sqlalchemy.engine.Engine SELECT payments.id AS payments_id, payments.invoice_id AS payments_invoice_id, payments.amount AS payments_amount, payments.payment_date AS payments_payment_date, payments.payment_method AS payments_payment_method, payments.status AS payments_status, payments.transaction_reference AS payments_transaction_reference 
FROM payments JOIN invoices ON payments.invoice_id = invoices.id 
WHERE invoices.patient_id = %(patient_id_1)s ORDER BY payments.id DESC
2026-09-27 22:20:17,362 INFO sqlalchemy.engine.Engine [generated in 0.00107s] {'patient_id_1': 1}
INFO:     127.0.0.1:65069 - "GET /invoices/my HTTP/1.1" 200 OK
2026-09-27 22:20:17,376 INFO sqlalchemy.engine.Engine ROLLBACK
INFO:     127.0.0.1:61114 - "GET /payments/ HTTP/1.1" 200 OK
2026-09-27 22:20:17,383 INFO sqlalchemy.engine.Engine ROLLBACK
2026-09-27 22:20:17,390 INFO sqlalchemy.engine.Engine BEGIN (implicit)
2026-09-27 22:20:17,391 INFO sqlalchemy.engine.Engine SELECT users.id AS users_id, users.name AS users_name, users.email AS users_email, users.password_hash AS users_password_hash, users.account_type AS users_account_type, users.role_id AS users_role_id, users.is_active AS users_is_active, users.created_at AS users_created_at 
FROM users 
WHERE users.id = %(id_1)s 
 LIMIT %(param_1)s
2026-09-27 22:20:17,391 INFO sqlalchemy.engine.Engine [cached since 59.43s ago] {'id_1': 2, 'param_1': 1}
2026-09-27 22:20:17,394 INFO sqlalchemy.engine.Engine SELECT patients.id AS patients_id, patients.name AS patients_name, patients.date_of_birth AS patients_date_of_birth, patients.gender AS patients_gender, patients.phone AS patients_phone, patients.email AS patients_email, patients.address AS patients_address, patients.user_id AS patients_user_id 
FROM patients 
WHERE %(param_1)s = patients.user_id
2026-09-27 22:20:17,394 INFO sqlalchemy.engine.Engine [cached since 59.41s ago] {'param_1': 2}
2026-09-27 22:20:17,399 INFO sqlalchemy.engine.Engine SELECT invoices.id AS invoices_id, invoices.patient_id AS invoices_patient_id, invoices.invoice_date AS invoices_invoice_date, invoices.status AS invoices_status 
FROM invoices 
WHERE invoices.id = %(id_1)s AND invoices.patient_id = %(patient_id_1)s 
 LIMIT %(param_1)s
2026-09-27 22:20:17,399 INFO sqlalchemy.engine.Engine [generated in 0.00058s] {'id_1': 1, 'patient_id_1': 1, 'param_1': 1}
2026-09-27 22:20:17,403 INFO sqlalchemy.engine.Engine SELECT invoice_items.id AS invoice_items_id, invoice_items.invoice_id AS invoice_items_invoice_id, invoice_items.description AS invoice_items_description, invoice_items.quantity AS invoice_items_quantity, invoice_items.unit_price AS invoice_items_unit_price, invoice_items.amount AS invoice_items_amount 
FROM invoice_items 
WHERE invoice_items.invoice_id = %(invoice_id_1)s ORDER BY invoice_items.id
2026-09-27 22:20:17,404 INFO sqlalchemy.engine.Engine [generated in 0.00055s] {'invoice_id_1': 1}
INFO:     127.0.0.1:61114 - "GET /invoice-items/my/1 HTTP/1.1" 200 OK
2026-09-27 22:20:17,415 INFO sqlalchemy.engine.Engine ROLLBACK
INFO:     127.0.0.1:64410 - "GET /assets/PatientPayments-_cUoXwq-.js HTTP/1.1" 200 OK
2026-09-27 22:20:31,180 INFO sqlalchemy.engine.Engine BEGIN (implicit)
2026-09-27 22:20:31,181 INFO sqlalchemy.engine.Engine SELECT users.id AS users_id, users.name AS users_name, users.email AS users_email, users.password_hash AS users_password_hash, users.account_type AS users_account_type, users.role_id AS users_role_id, users.is_active AS users_is_active, users.created_at AS users_created_at 
FROM users 
WHERE users.id = %(id_1)s 
 LIMIT %(param_1)s
2026-09-27 22:20:31,182 INFO sqlalchemy.engine.Engine [cached since 73.22s ago] {'id_1': 2, 'param_1': 1}
2026-09-27 22:20:31,189 INFO sqlalchemy.engine.Engine SELECT patients.id AS patients_id, patients.name AS patients_name, patients.date_of_birth AS patients_date_of_birth, patients.gender AS patients_gender, patients.phone AS patients_phone, patients.email AS patients_email, patients.address AS patients_address, patients.user_id AS patients_user_id 
FROM patients 
WHERE %(param_1)s = patients.user_id
2026-09-27 22:20:31,189 INFO sqlalchemy.engine.Engine [cached since 73.2s ago] {'param_1': 2}
2026-09-27 22:20:31,191 INFO sqlalchemy.engine.Engine SELECT payments.id AS payments_id, payments.invoice_id AS payments_invoice_id, payments.amount AS payments_amount, payments.payment_date AS payments_payment_date, payments.payment_method AS payments_payment_method, payments.status AS payments_status, payments.transaction_reference AS payments_transaction_reference 
FROM payments JOIN invoices ON payments.invoice_id = invoices.id 
WHERE invoices.patient_id = %(patient_id_1)s ORDER BY payments.id DESC
2026-09-27 22:20:31,192 INFO sqlalchemy.engine.Engine [cached since 13.83s ago] {'patient_id_1': 1}
INFO:     127.0.0.1:64410 - "GET /payments/ HTTP/1.1" 200 OK
2026-09-27 22:20:31,195 INFO sqlalchemy.engine.Engine ROLLBACK
INFO:     127.0.0.1:64412 - "GET /openapi.json HTTP/1.1" 200 OK
2026-09-27 22:20:45,206 INFO sqlalchemy.engine.Engine BEGIN (implicit)
2026-09-27 22:20:45,222 INFO sqlalchemy.engine.Engine SELECT users.id AS users_id, users.name AS users_name, users.email AS users_email, users.password_hash AS users_password_hash, users.account_type AS users_account_type, users.role_id AS users_role_id, users.is_active AS users_is_active, users.created_at AS users_created_at 
FROM users 
WHERE users.email = %(email_1)s 
 LIMIT %(param_1)s
2026-09-27 22:20:45,224 INFO sqlalchemy.engine.Engine [cached since 88.26s ago] {'email_1': 'admin@hms.com', 'param_1': 1}
2026-09-27 22:20:45,740 INFO sqlalchemy.engine.Engine SELECT roles.id AS roles_id, roles.name AS roles_name, roles.description AS roles_description 
FROM roles 
WHERE roles.id = %(pk_1)s
2026-09-27 22:20:45,741 INFO sqlalchemy.engine.Engine [generated in 0.00232s] {'pk_1': 1}
INFO:     127.0.0.1:64415 - "POST /auth/login HTTP/1.1" 200 OK
2026-09-27 22:20:45,752 INFO sqlalchemy.engine.Engine ROLLBACK
INFO:     127.0.0.1:64417 - "GET /docs HTTP/1.1" 200 OK
INFO:     127.0.0.1:63610 - "POST /auth/login HTTP/1.1" 422 Unprocessable Content
2026-09-27 22:36:53,954 INFO sqlalchemy.engine.Engine BEGIN (implicit)
2026-09-27 22:36:53,987 INFO sqlalchemy.engine.Engine SELECT users.id AS users_id, users.name AS users_name, users.email AS users_email, users.password_hash AS users_password_hash, users.account_type AS users_account_type, users.role_id AS users_role_id, users.is_active AS users_is_active, users.created_at AS users_created_at 
FROM users 
WHERE users.email = %(email_1)s 
 LIMIT %(param_1)s
2026-09-27 22:36:53,990 INFO sqlalchemy.engine.Engine [cached since 1058s ago] {'email_1': 'ananya@hms.com', 'param_1': 1}
2026-09-27 22:36:54,804 INFO sqlalchemy.engine.Engine SELECT roles.id AS roles_id, roles.name AS roles_name, roles.description AS roles_description 
FROM roles 
WHERE roles.id = %(pk_1)s
2026-09-27 22:36:54,805 INFO sqlalchemy.engine.Engine [cached since 970.4s ago] {'pk_1': 2}
INFO:     127.0.0.1:52561 - "POST /auth/login HTTP/1.1" 200 OK
2026-09-27 22:36:54,832 INFO sqlalchemy.engine.Engine ROLLBACK
2026-09-27 22:36:54,958 INFO sqlalchemy.engine.Engine BEGIN (implicit)
2026-09-27 22:36:54,962 INFO sqlalchemy.engine.Engine SELECT users.id AS users_id, users.name AS users_name, users.email AS users_email, users.password_hash AS users_password_hash, users.account_type AS users_account_type, users.role_id AS users_role_id, users.is_active AS users_is_active, users.created_at AS users_created_at 
FROM users 
WHERE users.id = %(id_1)s 
 LIMIT %(param_1)s
2026-09-27 22:36:54,962 INFO sqlalchemy.engine.Engine [cached since 1058s ago] {'id_1': 14, 'param_1': 1}
2026-09-27 22:36:54,970 INFO sqlalchemy.engine.Engine SELECT roles.id AS roles_id, roles.name AS roles_name, roles.description AS roles_description 
FROM roles 
WHERE roles.id = %(pk_1)s
2026-09-27 22:36:54,971 INFO sqlalchemy.engine.Engine [cached since 970.6s ago] {'pk_1': 2}
INFO:     127.0.0.1:52561 - "GET /roles/2 HTTP/1.1" 200 OK
2026-09-27 22:36:55,008 INFO sqlalchemy.engine.Engine ROLLBACK
INFO:     127.0.0.1:52561 - "GET /assets/DoctorDashBoard-DSDL6oxD.js HTTP/1.1" 200 OK
2026-09-27 22:36:55,274 INFO sqlalchemy.engine.Engine BEGIN (implicit)
2026-09-27 22:36:55,276 INFO sqlalchemy.engine.Engine SELECT users.id AS users_id, users.name AS users_name, users.email AS users_email, users.password_hash AS users_password_hash, users.account_type AS users_account_type, users.role_id AS users_role_id, users.is_active AS users_is_active, users.created_at AS users_created_at 
FROM users 
WHERE users.id = %(id_1)s 
 LIMIT %(param_1)s
2026-09-27 22:36:55,277 INFO sqlalchemy.engine.Engine [cached since 1059s ago] {'id_1': 14, 'param_1': 1}
2026-09-27 22:36:55,282 INFO sqlalchemy.engine.Engine SELECT roles.id AS roles_id, roles.name AS roles_name, roles.description AS roles_description 
FROM roles 
WHERE roles.id = %(pk_1)s
2026-09-27 22:36:55,283 INFO sqlalchemy.engine.Engine [cached since 970.9s ago] {'pk_1': 2}
2026-09-27 22:36:55,330 INFO sqlalchemy.engine.Engine SELECT roles.id, roles.name, roles.description 
FROM roles ORDER BY roles.id
2026-09-27 22:36:55,331 INFO sqlalchemy.engine.Engine [generated in 0.00159s] {}
INFO:     127.0.0.1:52561 - "GET /roles/ HTTP/1.1" 200 OK
2026-09-27 22:36:55,352 INFO sqlalchemy.engine.Engine ROLLBACK
INFO:     127.0.0.1:59116 - "GET /assets/DoctorAppointments-DiM-tbWJ.js HTTP/1.1" 200 OK
2026-09-27 22:37:07,881 INFO sqlalchemy.engine.Engine BEGIN (implicit)
2026-09-27 22:37:07,882 INFO sqlalchemy.engine.Engine BEGIN (implicit)
2026-09-27 22:37:07,883 INFO sqlalchemy.engine.Engine SELECT users.id AS users_id, users.name AS users_name, users.email AS users_email, users.password_hash AS users_password_hash, users.account_type AS users_account_type, users.role_id AS users_role_id, users.is_active AS users_is_active, users.created_at AS users_created_at 
FROM users 
WHERE users.id = %(id_1)s 
 LIMIT %(param_1)s
2026-09-27 22:37:07,884 INFO sqlalchemy.engine.Engine SELECT users.id AS users_id, users.name AS users_name, users.email AS users_email, users.password_hash AS users_password_hash, users.account_type AS users_account_type, users.role_id AS users_role_id, users.is_active AS users_is_active, users.created_at AS users_created_at 
FROM users 
WHERE users.id = %(id_1)s 
 LIMIT %(param_1)s
2026-09-27 22:37:07,885 INFO sqlalchemy.engine.Engine [cached since 1071s ago] {'id_1': 14, 'param_1': 1}
2026-09-27 22:37:07,885 INFO sqlalchemy.engine.Engine [cached since 1071s ago] {'id_1': 14, 'param_1': 1}
2026-09-27 22:37:07,888 INFO sqlalchemy.engine.Engine SELECT roles.id AS roles_id, roles.name AS roles_name, roles.description AS roles_description 
FROM roles 
WHERE roles.id = %(pk_1)s
2026-09-27 22:37:07,890 INFO sqlalchemy.engine.Engine SELECT roles.id AS roles_id, roles.name AS roles_name, roles.description AS roles_description 
FROM roles 
WHERE roles.id = %(pk_1)s
2026-09-27 22:37:07,890 INFO sqlalchemy.engine.Engine [cached since 983.5s ago] {'pk_1': 2}
2026-09-27 22:37:07,891 INFO sqlalchemy.engine.Engine [cached since 983.5s ago] {'pk_1': 2}
2026-09-27 22:37:07,894 INFO sqlalchemy.engine.Engine SELECT roles.id, roles.name, roles.description 
FROM roles ORDER BY roles.id
2026-09-27 22:37:07,900 INFO sqlalchemy.engine.Engine SELECT employees.id, employees.name, employees.role_id, employees.department_id, employees.dob, employees.gender, employees.phone, employees.email, employees.address, employees.hire_date, employees.salary, employees.employment_status, employees.created_at, employees.updated_at 
FROM employees 
WHERE employees.email = %(email_1)s
2026-09-27 22:37:07,900 INFO sqlalchemy.engine.Engine [cached since 12.57s ago] {}
2026-09-27 22:37:07,901 INFO sqlalchemy.engine.Engine [generated in 0.00112s] {'email_1': 'ananya@hms.com'}
INFO:     127.0.0.1:59573 - "GET /roles/ HTTP/1.1" 200 OK
2026-09-27 22:37:07,904 INFO sqlalchemy.engine.Engine ROLLBACK
2026-09-27 22:37:07,914 INFO sqlalchemy.engine.Engine SELECT doctors.id, doctors.employee_id, doctors.specialization, doctors.experience_years 
FROM doctors 
WHERE doctors.employee_id = %(employee_id_1)s
2026-09-27 22:37:07,915 INFO sqlalchemy.engine.Engine [generated in 0.00058s] {'employee_id_1': 16}
2026-09-27 22:37:07,923 INFO sqlalchemy.engine.Engine SELECT appointments.id, appointments.patient_id, appointments.doctor_id, appointments.appointment_date, appointments.appointment_time, appointments.reason, appointments.status 
FROM appointments 
WHERE appointments.doctor_id = %(doctor_id_1)s ORDER BY appointments.appointment_date, appointments.appointment_time
2026-09-27 22:37:07,923 INFO sqlalchemy.engine.Engine [generated in 0.00055s] {'doctor_id_1': 6}
INFO:     127.0.0.1:59116 - "GET /appointments/doctor/me HTTP/1.1" 200 OK
2026-09-27 22:37:07,942 INFO sqlalchemy.engine.Engine ROLLBACK
2026-09-27 22:37:10,640 INFO sqlalchemy.engine.Engine BEGIN (implicit)
2026-09-27 22:37:10,643 INFO sqlalchemy.engine.Engine SELECT users.id AS users_id, users.name AS users_name, users.email AS users_email, users.password_hash AS users_password_hash, users.account_type AS users_account_type, users.role_id AS users_role_id, users.is_active AS users_is_active, users.created_at AS users_created_at 
FROM users 
WHERE users.id = %(id_1)s 
 LIMIT %(param_1)s
2026-09-27 22:37:10,644 INFO sqlalchemy.engine.Engine [cached since 1074s ago] {'id_1': 14, 'param_1': 1}
2026-09-27 22:37:10,651 INFO sqlalchemy.engine.Engine SELECT roles.id AS roles_id, roles.name AS roles_name, roles.description AS roles_description 
FROM roles 
WHERE roles.id = %(pk_1)s
2026-09-27 22:37:10,652 INFO sqlalchemy.engine.Engine [cached since 986.3s ago] {'pk_1': 2}
2026-09-27 22:37:10,654 INFO sqlalchemy.engine.Engine SELECT roles.id, roles.name, roles.description 
FROM roles ORDER BY roles.id
2026-09-27 22:37:10,655 INFO sqlalchemy.engine.Engine [cached since 15.33s ago] {}
INFO:     127.0.0.1:59116 - "GET /roles/ HTTP/1.1" 200 OK
2026-09-27 22:37:10,662 INFO sqlalchemy.engine.Engine ROLLBACK
2026-09-27 22:37:11,958 INFO sqlalchemy.engine.Engine BEGIN (implicit)
2026-09-27 22:37:11,959 INFO sqlalchemy.engine.Engine BEGIN (implicit)
2026-09-27 22:37:11,959 INFO sqlalchemy.engine.Engine SELECT users.id AS users_id, users.name AS users_name, users.email AS users_email, users.password_hash AS users_password_hash, users.account_type AS users_account_type, users.role_id AS users_role_id, users.is_active AS users_is_active, users.created_at AS users_created_at 
FROM users 
WHERE users.id = %(id_1)s 
 LIMIT %(param_1)s
2026-09-27 22:37:11,960 INFO sqlalchemy.engine.Engine SELECT users.id AS users_id, users.name AS users_name, users.email AS users_email, users.password_hash AS users_password_hash, users.account_type AS users_account_type, users.role_id AS users_role_id, users.is_active AS users_is_active, users.created_at AS users_created_at 
FROM users 
WHERE users.id = %(id_1)s 
 LIMIT %(param_1)s
2026-09-27 22:37:11,960 INFO sqlalchemy.engine.Engine [cached since 1075s ago] {'id_1': 14, 'param_1': 1}
2026-09-27 22:37:11,961 INFO sqlalchemy.engine.Engine [cached since 1075s ago] {'id_1': 14, 'param_1': 1}
2026-09-27 22:37:11,964 INFO sqlalchemy.engine.Engine SELECT roles.id AS roles_id, roles.name AS roles_name, roles.description AS roles_description 
FROM roles 
WHERE roles.id = %(pk_1)s
2026-09-27 22:37:11,965 INFO sqlalchemy.engine.Engine SELECT roles.id AS roles_id, roles.name AS roles_name, roles.description AS roles_description 
FROM roles 
WHERE roles.id = %(pk_1)s
2026-09-27 22:37:11,965 INFO sqlalchemy.engine.Engine [cached since 987.6s ago] {'pk_1': 2}
2026-09-27 22:37:11,966 INFO sqlalchemy.engine.Engine [cached since 987.6s ago] {'pk_1': 2}
2026-09-27 22:37:11,969 INFO sqlalchemy.engine.Engine SELECT employees.id, employees.name, employees.role_id, employees.department_id, employees.dob, employees.gender, employees.phone, employees.email, employees.address, employees.hire_date, employees.salary, employees.employment_status, employees.created_at, employees.updated_at 
FROM employees 
WHERE employees.email = %(email_1)s
2026-09-27 22:37:11,970 INFO sqlalchemy.engine.Engine [cached since 4.07s ago] {'email_1': 'ananya@hms.com'}
2026-09-27 22:37:11,969 INFO sqlalchemy.engine.Engine SELECT roles.id, roles.name, roles.description 
FROM roles ORDER BY roles.id
2026-09-27 22:37:11,970 INFO sqlalchemy.engine.Engine [cached since 16.64s ago] {}
2026-09-27 22:37:11,971 INFO sqlalchemy.engine.Engine SELECT doctors.id, doctors.employee_id, doctors.specialization, doctors.experience_years 
FROM doctors 
WHERE doctors.employee_id = %(employee_id_1)s
2026-09-27 22:37:11,972 INFO sqlalchemy.engine.Engine [cached since 4.058s ago] {'employee_id_1': 16}
INFO:     127.0.0.1:59116 - "GET /roles/ HTTP/1.1" 200 OK
2026-09-27 22:37:11,978 INFO sqlalchemy.engine.Engine SELECT appointments.id, appointments.patient_id, appointments.doctor_id, appointments.appointment_date, appointments.appointment_time, appointments.reason, appointments.status 
FROM appointments 
WHERE appointments.doctor_id = %(doctor_id_1)s ORDER BY appointments.appointment_date, appointments.appointment_time
2026-09-27 22:37:11,979 INFO sqlalchemy.engine.Engine [cached since 4.056s ago] {'doctor_id_1': 6}
2026-09-27 22:37:11,979 INFO sqlalchemy.engine.Engine ROLLBACK
INFO:     127.0.0.1:59573 - "GET /appointments/doctor/me HTTP/1.1" 200 OK
2026-09-27 22:37:11,985 INFO sqlalchemy.engine.Engine ROLLBACK
2026-09-27 22:37:14,243 INFO sqlalchemy.engine.Engine BEGIN (implicit)
2026-09-27 22:37:14,245 INFO sqlalchemy.engine.Engine SELECT users.id AS users_id, users.name AS users_name, users.email AS users_email, users.password_hash AS users_password_hash, users.account_type AS users_account_type, users.role_id AS users_role_id, users.is_active AS users_is_active, users.created_at AS users_created_at 
FROM users 
WHERE users.id = %(id_1)s 
 LIMIT %(param_1)s
2026-09-27 22:37:14,246 INFO sqlalchemy.engine.Engine [cached since 1078s ago] {'id_1': 14, 'param_1': 1}
2026-09-27 22:37:14,251 INFO sqlalchemy.engine.Engine SELECT roles.id AS roles_id, roles.name AS roles_name, roles.description AS roles_description 
FROM roles 
WHERE roles.id = %(pk_1)s
2026-09-27 22:37:14,259 INFO sqlalchemy.engine.Engine [cached since 989.9s ago] {'pk_1': 2}
2026-09-27 22:37:14,263 INFO sqlalchemy.engine.Engine SELECT roles.id, roles.name, roles.description 
FROM roles ORDER BY roles.id
2026-09-27 22:37:14,264 INFO sqlalchemy.engine.Engine [cached since 18.93s ago] {}
INFO:     127.0.0.1:59573 - "GET /roles/ HTTP/1.1" 200 OK
2026-09-27 22:37:14,268 INFO sqlalchemy.engine.Engine ROLLBACK
2026-09-27 22:37:15,295 INFO sqlalchemy.engine.Engine BEGIN (implicit)
2026-09-27 22:37:15,297 INFO sqlalchemy.engine.Engine SELECT users.id AS users_id, users.name AS users_name, users.email AS users_email, users.password_hash AS users_password_hash, users.account_type AS users_account_type, users.role_id AS users_role_id, users.is_active AS users_is_active, users.created_at AS users_created_at 
FROM users 
WHERE users.id = %(id_1)s 
 LIMIT %(param_1)s
2026-09-27 22:37:15,297 INFO sqlalchemy.engine.Engine BEGIN (implicit)
2026-09-27 22:37:15,298 INFO sqlalchemy.engine.Engine [cached since 1079s ago] {'id_1': 14, 'param_1': 1}
2026-09-27 22:37:15,299 INFO sqlalchemy.engine.Engine SELECT users.id AS users_id, users.name AS users_name, users.email AS users_email, users.password_hash AS users_password_hash, users.account_type AS users_account_type, users.role_id AS users_role_id, users.is_active AS users_is_active, users.created_at AS users_created_at 
FROM users 
WHERE users.id = %(id_1)s 
 LIMIT %(param_1)s
2026-09-27 22:37:15,300 INFO sqlalchemy.engine.Engine [cached since 1079s ago] {'id_1': 14, 'param_1': 1}
2026-09-27 22:37:15,302 INFO sqlalchemy.engine.Engine SELECT roles.id AS roles_id, roles.name AS roles_name, roles.description AS roles_description 
FROM roles 
WHERE roles.id = %(pk_1)s
2026-09-27 22:37:15,309 INFO sqlalchemy.engine.Engine SELECT roles.id AS roles_id, roles.name AS roles_name, roles.description AS roles_description 
FROM roles 
WHERE roles.id = %(pk_1)s
2026-09-27 22:37:15,309 INFO sqlalchemy.engine.Engine [cached since 990.9s ago] {'pk_1': 2}
2026-09-27 22:37:15,310 INFO sqlalchemy.engine.Engine [cached since 991s ago] {'pk_1': 2}
2026-09-27 22:37:15,312 INFO sqlalchemy.engine.Engine SELECT roles.id, roles.name, roles.description 
FROM roles ORDER BY roles.id
2026-09-27 22:37:15,313 INFO sqlalchemy.engine.Engine [cached since 19.98s ago] {}
2026-09-27 22:37:15,314 INFO sqlalchemy.engine.Engine SELECT employees.id, employees.name, employees.role_id, employees.department_id, employees.dob, employees.gender, employees.phone, employees.email, employees.address, employees.hire_date, employees.salary, employees.employment_status, employees.created_at, employees.updated_at 
FROM employees 
WHERE employees.email = %(email_1)s
2026-09-27 22:37:15,315 INFO sqlalchemy.engine.Engine [cached since 7.415s ago] {'email_1': 'ananya@hms.com'}
INFO:     127.0.0.1:59573 - "GET /roles/ HTTP/1.1" 200 OK
2026-09-27 22:37:15,318 INFO sqlalchemy.engine.Engine SELECT doctors.id, doctors.employee_id, doctors.specialization, doctors.experience_years 
FROM doctors 
WHERE doctors.employee_id = %(employee_id_1)s
2026-09-27 22:37:15,324 INFO sqlalchemy.engine.Engine ROLLBACK
2026-09-27 22:37:15,325 INFO sqlalchemy.engine.Engine [cached since 7.411s ago] {'employee_id_1': 16}
2026-09-27 22:37:15,329 INFO sqlalchemy.engine.Engine SELECT appointments.id, appointments.patient_id, appointments.doctor_id, appointments.appointment_date, appointments.appointment_time, appointments.reason, appointments.status 
FROM appointments 
WHERE appointments.doctor_id = %(doctor_id_1)s ORDER BY appointments.appointment_date, appointments.appointment_time
2026-09-27 22:37:15,330 INFO sqlalchemy.engine.Engine [cached since 7.407s ago] {'doctor_id_1': 6}
INFO:     127.0.0.1:59116 - "GET /appointments/doctor/me HTTP/1.1" 200 OK
2026-09-27 22:37:15,333 INFO sqlalchemy.engine.Engine ROLLBACK
INFO:     127.0.0.1:59116 - "GET /assets/DoctorPatients-CcTWyxVq.js HTTP/1.1" 200 OK
2026-09-27 22:37:16,528 INFO sqlalchemy.engine.Engine BEGIN (implicit)
2026-09-27 22:37:16,528 INFO sqlalchemy.engine.Engine BEGIN (implicit)
2026-09-27 22:37:16,529 INFO sqlalchemy.engine.Engine SELECT users.id AS users_id, users.name AS users_name, users.email AS users_email, users.password_hash AS users_password_hash, users.account_type AS users_account_type, users.role_id AS users_role_id, users.is_active AS users_is_active, users.created_at AS users_created_at 
FROM users 
WHERE users.id = %(id_1)s 
 LIMIT %(param_1)s
2026-09-27 22:37:16,530 INFO sqlalchemy.engine.Engine [cached since 1080s ago] {'id_1': 14, 'param_1': 1}
2026-09-27 22:37:16,530 INFO sqlalchemy.engine.Engine SELECT users.id AS users_id, users.name AS users_name, users.email AS users_email, users.password_hash AS users_password_hash, users.account_type AS users_account_type, users.role_id AS users_role_id, users.is_active AS users_is_active, users.created_at AS users_created_at 
FROM users 
WHERE users.id = %(id_1)s 
 LIMIT %(param_1)s
2026-09-27 22:37:16,533 INFO sqlalchemy.engine.Engine [cached since 1080s ago] {'id_1': 14, 'param_1': 1}
2026-09-27 22:37:16,535 INFO sqlalchemy.engine.Engine SELECT roles.id AS roles_id, roles.name AS roles_name, roles.description AS roles_description 
FROM roles 
WHERE roles.id = %(pk_1)s
2026-09-27 22:37:16,538 INFO sqlalchemy.engine.Engine SELECT roles.id AS roles_id, roles.name AS roles_name, roles.description AS roles_description 
FROM roles 
WHERE roles.id = %(pk_1)s
2026-09-27 22:37:16,538 INFO sqlalchemy.engine.Engine [cached since 992.2s ago] {'pk_1': 2}
2026-09-27 22:37:16,539 INFO sqlalchemy.engine.Engine [cached since 992.2s ago] {'pk_1': 2}
2026-09-27 22:37:16,542 INFO sqlalchemy.engine.Engine SELECT employees.id, employees.name, employees.role_id, employees.department_id, employees.dob, employees.gender, employees.phone, employees.email, employees.address, employees.hire_date, employees.salary, employees.employment_status, employees.created_at, employees.updated_at 
FROM employees 
WHERE employees.email = %(email_1)s
2026-09-27 22:37:16,543 INFO sqlalchemy.engine.Engine SELECT roles.id, roles.name, roles.description 
FROM roles ORDER BY roles.id
2026-09-27 22:37:16,544 INFO sqlalchemy.engine.Engine [cached since 8.644s ago] {'email_1': 'ananya@hms.com'}
2026-09-27 22:37:16,544 INFO sqlalchemy.engine.Engine [cached since 21.21s ago] {}
2026-09-27 22:37:16,546 INFO sqlalchemy.engine.Engine SELECT doctors.id, doctors.employee_id, doctors.specialization, doctors.experience_years 
FROM doctors 
WHERE doctors.employee_id = %(employee_id_1)s
2026-09-27 22:37:16,546 INFO sqlalchemy.engine.Engine [cached since 8.632s ago] {'employee_id_1': 16}
INFO:     127.0.0.1:59573 - "GET /roles/ HTTP/1.1" 200 OK
2026-09-27 22:37:16,555 INFO sqlalchemy.engine.Engine SELECT DISTINCT patients.id, patients.name, patients.date_of_birth, patients.gender, patients.phone, patients.email, patients.address, patients.user_id 
FROM patients JOIN appointments ON appointments.patient_id = patients.id 
WHERE appointments.doctor_id = %(doctor_id_1)s ORDER BY patients.id
2026-09-27 22:37:16,556 INFO sqlalchemy.engine.Engine [generated in 0.00087s] {'doctor_id_1': 6}
2026-09-27 22:37:16,557 INFO sqlalchemy.engine.Engine ROLLBACK
INFO:     127.0.0.1:59116 - "GET /patients/doctor/me HTTP/1.1" 200 OK
2026-09-27 22:37:16,582 INFO sqlalchemy.engine.Engine ROLLBACK
INFO:     127.0.0.1:59116 - "GET /assets/DoctorMedicalRecords-CtjW9fI2.js HTTP/1.1" 200 OK
2026-09-27 22:37:17,749 INFO sqlalchemy.engine.Engine BEGIN (implicit)
2026-09-27 22:37:17,750 INFO sqlalchemy.engine.Engine BEGIN (implicit)
2026-09-27 22:37:17,751 INFO sqlalchemy.engine.Engine SELECT users.id AS users_id, users.name AS users_name, users.email AS users_email, users.password_hash AS users_password_hash, users.account_type AS users_account_type, users.role_id AS users_role_id, users.is_active AS users_is_active, users.created_at AS users_created_at 
FROM users 
WHERE users.id = %(id_1)s 
 LIMIT %(param_1)s
2026-09-27 22:37:17,752 INFO sqlalchemy.engine.Engine SELECT users.id AS users_id, users.name AS users_name, users.email AS users_email, users.password_hash AS users_password_hash, users.account_type AS users_account_type, users.role_id AS users_role_id, users.is_active AS users_is_active, users.created_at AS users_created_at 
FROM users 
WHERE users.id = %(id_1)s 
 LIMIT %(param_1)s
2026-09-27 22:37:17,753 INFO sqlalchemy.engine.Engine [cached since 1081s ago] {'id_1': 14, 'param_1': 1}
2026-09-27 22:37:17,753 INFO sqlalchemy.engine.Engine [cached since 1081s ago] {'id_1': 14, 'param_1': 1}
2026-09-27 22:37:17,756 INFO sqlalchemy.engine.Engine SELECT roles.id AS roles_id, roles.name AS roles_name, roles.description AS roles_description 
FROM roles 
WHERE roles.id = %(pk_1)s
2026-09-27 22:37:17,757 INFO sqlalchemy.engine.Engine SELECT roles.id AS roles_id, roles.name AS roles_name, roles.description AS roles_description 
FROM roles 
WHERE roles.id = %(pk_1)s
2026-09-27 22:37:17,757 INFO sqlalchemy.engine.Engine [cached since 993.4s ago] {'pk_1': 2}
2026-09-27 22:37:17,757 INFO sqlalchemy.engine.Engine [cached since 993.4s ago] {'pk_1': 2}
2026-09-27 22:37:17,760 INFO sqlalchemy.engine.Engine SELECT employees.id, employees.name, employees.role_id, employees.department_id, employees.dob, employees.gender, employees.phone, employees.email, employees.address, employees.hire_date, employees.salary, employees.employment_status, employees.created_at, employees.updated_at 
FROM employees 
WHERE employees.email = %(email_1)s
2026-09-27 22:37:17,760 INFO sqlalchemy.engine.Engine SELECT roles.id, roles.name, roles.description 
FROM roles ORDER BY roles.id
2026-09-27 22:37:17,760 INFO sqlalchemy.engine.Engine [cached since 9.86s ago] {'email_1': 'ananya@hms.com'}
2026-09-27 22:37:17,761 INFO sqlalchemy.engine.Engine [cached since 22.43s ago] {}
2026-09-27 22:37:17,762 INFO sqlalchemy.engine.Engine SELECT doctors.id, doctors.employee_id, doctors.specialization, doctors.experience_years 
FROM doctors 
WHERE doctors.employee_id = %(employee_id_1)s
2026-09-27 22:37:17,763 INFO sqlalchemy.engine.Engine [cached since 9.849s ago] {'employee_id_1': 16}
INFO:     127.0.0.1:59116 - "GET /roles/ HTTP/1.1" 200 OK
2026-09-27 22:37:17,769 INFO sqlalchemy.engine.Engine ROLLBACK
2026-09-27 22:37:17,771 INFO sqlalchemy.engine.Engine SELECT medical_records.id, medical_records.patient_id, medical_records.doctor_id, medical_records.diagnosis, medical_records.notes, medical_records.record_date 
FROM medical_records 
WHERE medical_records.doctor_id = %(doctor_id_1)s ORDER BY medical_records.record_date DESC, medical_records.id DESC
2026-09-27 22:37:17,773 INFO sqlalchemy.engine.Engine [generated in 0.00129s] {'doctor_id_1': 6}
INFO:     127.0.0.1:59573 - "GET /medical-records/doctor/me HTTP/1.1" 200 OK
2026-09-27 22:37:17,782 INFO sqlalchemy.engine.Engine ROLLBACK
INFO:     127.0.0.1:59573 - "GET /assets/DoctorPrescriptions-tIT7Fycd.js HTTP/1.1" 200 OK
2026-09-27 22:37:18,923 INFO sqlalchemy.engine.Engine BEGIN (implicit)
2026-09-27 22:37:18,926 INFO sqlalchemy.engine.Engine SELECT users.id AS users_id, users.name AS users_name, users.email AS users_email, users.password_hash AS users_password_hash, users.account_type AS users_account_type, users.role_id AS users_role_id, users.is_active AS users_is_active, users.created_at AS users_created_at 
FROM users 
WHERE users.id = %(id_1)s 
 LIMIT %(param_1)s
2026-09-27 22:37:18,926 INFO sqlalchemy.engine.Engine BEGIN (implicit)
2026-09-27 22:37:18,927 INFO sqlalchemy.engine.Engine [cached since 1082s ago] {'id_1': 14, 'param_1': 1}
2026-09-27 22:37:18,927 INFO sqlalchemy.engine.Engine SELECT users.id AS users_id, users.name AS users_name, users.email AS users_email, users.password_hash AS users_password_hash, users.account_type AS users_account_type, users.role_id AS users_role_id, users.is_active AS users_is_active, users.created_at AS users_created_at 
FROM users 
WHERE users.id = %(id_1)s 
 LIMIT %(param_1)s
2026-09-27 22:37:18,928 INFO sqlalchemy.engine.Engine [cached since 1082s ago] {'id_1': 14, 'param_1': 1}
2026-09-27 22:37:18,930 INFO sqlalchemy.engine.Engine SELECT roles.id AS roles_id, roles.name AS roles_name, roles.description AS roles_description 
FROM roles 
WHERE roles.id = %(pk_1)s
2026-09-27 22:37:18,932 INFO sqlalchemy.engine.Engine SELECT roles.id AS roles_id, roles.name AS roles_name, roles.description AS roles_description 
FROM roles 
WHERE roles.id = %(pk_1)s
2026-09-27 22:37:18,932 INFO sqlalchemy.engine.Engine [cached since 994.6s ago] {'pk_1': 2}
2026-09-27 22:37:18,933 INFO sqlalchemy.engine.Engine [cached since 994.6s ago] {'pk_1': 2}
2026-09-27 22:37:18,936 INFO sqlalchemy.engine.Engine SELECT employees.id, employees.name, employees.role_id, employees.department_id, employees.dob, employees.gender, employees.phone, employees.email, employees.address, employees.hire_date, employees.salary, employees.employment_status, employees.created_at, employees.updated_at 
FROM employees 
WHERE employees.email = %(email_1)s
2026-09-27 22:37:18,937 INFO sqlalchemy.engine.Engine [cached since 11.04s ago] {'email_1': 'ananya@hms.com'}
2026-09-27 22:37:18,938 INFO sqlalchemy.engine.Engine SELECT roles.id, roles.name, roles.description 
FROM roles ORDER BY roles.id
2026-09-27 22:37:18,938 INFO sqlalchemy.engine.Engine [cached since 23.61s ago] {}
2026-09-27 22:37:18,939 INFO sqlalchemy.engine.Engine SELECT doctors.id, doctors.employee_id, doctors.specialization, doctors.experience_years 
FROM doctors 
WHERE doctors.employee_id = %(employee_id_1)s
2026-09-27 22:37:18,940 INFO sqlalchemy.engine.Engine [cached since 11.03s ago] {'employee_id_1': 16}
2026-09-27 22:37:18,944 INFO sqlalchemy.engine.Engine SELECT prescriptions.id, prescriptions.patient_id, prescriptions.doctor_id, prescriptions.pharmacy_id, prescriptions.lab_test_id, prescriptions.prescription_date 
FROM prescriptions 
WHERE prescriptions.doctor_id = %(doctor_id_1)s ORDER BY prescriptions.prescription_date DESC, prescriptions.id DESC
INFO:     127.0.0.1:59573 - "GET /roles/ HTTP/1.1" 200 OK
2026-09-27 22:37:18,945 INFO sqlalchemy.engine.Engine [generated in 0.00100s] {'doctor_id_1': 6}
2026-09-27 22:37:18,947 INFO sqlalchemy.engine.Engine ROLLBACK
INFO:     127.0.0.1:59116 - "GET /prescriptions/ HTTP/1.1" 200 OK
2026-09-27 22:37:18,958 INFO sqlalchemy.engine.Engine ROLLBACK
2026-09-27 22:40:10,303 INFO sqlalchemy.engine.Engine BEGIN (implicit)
2026-09-27 22:40:10,304 INFO sqlalchemy.engine.Engine SELECT users.id AS users_id, users.name AS users_name, users.email AS users_email, users.password_hash AS users_password_hash, users.account_type AS users_account_type, users.role_id AS users_role_id, users.is_active AS users_is_active, users.created_at AS users_created_at 
FROM users 
WHERE users.email = %(email_1)s 
 LIMIT %(param_1)s
2026-09-27 22:40:10,304 INFO sqlalchemy.engine.Engine [cached since 1255s ago] {'email_1': 'vikram@hms.com', 'param_1': 1}
2026-09-27 22:40:10,950 INFO sqlalchemy.engine.Engine SELECT roles.id AS roles_id, roles.name AS roles_name, roles.description AS roles_description 
FROM roles 
WHERE roles.id = %(pk_1)s
2026-09-27 22:40:10,950 INFO sqlalchemy.engine.Engine [cached since 1167s ago] {'pk_1': 2}
INFO:     127.0.0.1:54850 - "POST /auth/login HTTP/1.1" 200 OK
2026-09-27 22:40:10,955 INFO sqlalchemy.engine.Engine ROLLBACK
2026-09-27 22:40:10,961 INFO sqlalchemy.engine.Engine BEGIN (implicit)
2026-09-27 22:40:10,962 INFO sqlalchemy.engine.Engine SELECT users.id AS users_id, users.name AS users_name, users.email AS users_email, users.password_hash AS users_password_hash, users.account_type AS users_account_type, users.role_id AS users_role_id, users.is_active AS users_is_active, users.created_at AS users_created_at 
FROM users 
WHERE users.id = %(id_1)s 
 LIMIT %(param_1)s
2026-09-27 22:40:10,962 INFO sqlalchemy.engine.Engine [cached since 1254s ago] {'id_1': 15, 'param_1': 1}
2026-09-27 22:40:10,965 INFO sqlalchemy.engine.Engine SELECT roles.id AS roles_id, roles.name AS roles_name, roles.description AS roles_description 
FROM roles 
WHERE roles.id = %(pk_1)s
2026-09-27 22:40:10,965 INFO sqlalchemy.engine.Engine [cached since 1167s ago] {'pk_1': 2}
INFO:     127.0.0.1:54850 - "GET /roles/2 HTTP/1.1" 200 OK
2026-09-27 22:40:10,969 INFO sqlalchemy.engine.Engine ROLLBACK
2026-09-27 22:40:10,986 INFO sqlalchemy.engine.Engine BEGIN (implicit)
2026-09-27 22:40:10,987 INFO sqlalchemy.engine.Engine SELECT users.id AS users_id, users.name AS users_name, users.email AS users_email, users.password_hash AS users_password_hash, users.account_type AS users_account_type, users.role_id AS users_role_id, users.is_active AS users_is_active, users.created_at AS users_created_at 
FROM users 
WHERE users.id = %(id_1)s 
 LIMIT %(param_1)s
2026-09-27 22:40:10,987 INFO sqlalchemy.engine.Engine [cached since 1254s ago] {'id_1': 15, 'param_1': 1}
2026-09-27 22:40:10,990 INFO sqlalchemy.engine.Engine SELECT roles.id AS roles_id, roles.name AS roles_name, roles.description AS roles_description 
FROM roles 
WHERE roles.id = %(pk_1)s
2026-09-27 22:40:10,991 INFO sqlalchemy.engine.Engine [cached since 1167s ago] {'pk_1': 2}
2026-09-27 22:40:10,999 INFO sqlalchemy.engine.Engine SELECT roles.id, roles.name, roles.description 
FROM roles ORDER BY roles.id
2026-09-27 22:40:10,999 INFO sqlalchemy.engine.Engine [cached since 195.7s ago] {}
INFO:     127.0.0.1:54850 - "GET /roles/ HTTP/1.1" 200 OK
2026-09-27 22:40:11,002 INFO sqlalchemy.engine.Engine ROLLBACK
2026-09-27 22:40:13,536 INFO sqlalchemy.engine.Engine BEGIN (implicit)
2026-09-27 22:40:13,536 INFO sqlalchemy.engine.Engine BEGIN (implicit)
2026-09-27 22:40:13,537 INFO sqlalchemy.engine.Engine SELECT users.id AS users_id, users.name AS users_name, users.email AS users_email, users.password_hash AS users_password_hash, users.account_type AS users_account_type, users.role_id AS users_role_id, users.is_active AS users_is_active, users.created_at AS users_created_at 
FROM users 
WHERE users.id = %(id_1)s 
 LIMIT %(param_1)s
2026-09-27 22:40:13,544 INFO sqlalchemy.engine.Engine SELECT users.id AS users_id, users.name AS users_name, users.email AS users_email, users.password_hash AS users_password_hash, users.account_type AS users_account_type, users.role_id AS users_role_id, users.is_active AS users_is_active, users.created_at AS users_created_at 
FROM users 
WHERE users.id = %(id_1)s 
 LIMIT %(param_1)s
2026-09-27 22:40:13,545 INFO sqlalchemy.engine.Engine [cached since 1257s ago] {'id_1': 15, 'param_1': 1}
2026-09-27 22:40:13,546 INFO sqlalchemy.engine.Engine [cached since 1257s ago] {'id_1': 15, 'param_1': 1}
2026-09-27 22:40:13,549 INFO sqlalchemy.engine.Engine SELECT roles.id AS roles_id, roles.name AS roles_name, roles.description AS roles_description 
FROM roles 
WHERE roles.id = %(pk_1)s
2026-09-27 22:40:13,550 INFO sqlalchemy.engine.Engine SELECT roles.id AS roles_id, roles.name AS roles_name, roles.description AS roles_description 
FROM roles 
WHERE roles.id = %(pk_1)s
2026-09-27 22:40:13,550 INFO sqlalchemy.engine.Engine [cached since 1169s ago] {'pk_1': 2}
2026-09-27 22:40:13,550 INFO sqlalchemy.engine.Engine [cached since 1169s ago] {'pk_1': 2}
2026-09-27 22:40:13,553 INFO sqlalchemy.engine.Engine SELECT roles.id, roles.name, roles.description 
FROM roles ORDER BY roles.id
2026-09-27 22:40:13,553 INFO sqlalchemy.engine.Engine SELECT employees.id, employees.name, employees.role_id, employees.department_id, employees.dob, employees.gender, employees.phone, employees.email, employees.address, employees.hire_date, employees.salary, employees.employment_status, employees.created_at, employees.updated_at 
FROM employees 
WHERE employees.email = %(email_1)s
2026-09-27 22:40:13,553 INFO sqlalchemy.engine.Engine [cached since 198.2s ago] {}
2026-09-27 22:40:13,554 INFO sqlalchemy.engine.Engine [cached since 185.7s ago] {'email_1': 'vikram@hms.com'}
2026-09-27 22:40:13,556 INFO sqlalchemy.engine.Engine SELECT doctors.id, doctors.employee_id, doctors.specialization, doctors.experience_years 
FROM doctors 
WHERE doctors.employee_id = %(employee_id_1)s
2026-09-27 22:40:13,556 INFO sqlalchemy.engine.Engine [cached since 185.6s ago] {'employee_id_1': 17}
INFO:     127.0.0.1:54850 - "GET /roles/ HTTP/1.1" 200 OK
2026-09-27 22:40:13,558 INFO sqlalchemy.engine.Engine SELECT appointments.id, appointments.patient_id, appointments.doctor_id, appointments.appointment_date, appointments.appointment_time, appointments.reason, appointments.status 
FROM appointments 
WHERE appointments.doctor_id = %(doctor_id_1)s ORDER BY appointments.appointment_date, appointments.appointment_time
2026-09-27 22:40:13,561 INFO sqlalchemy.engine.Engine ROLLBACK
2026-09-27 22:40:13,561 INFO sqlalchemy.engine.Engine [cached since 185.6s ago] {'doctor_id_1': 7}
INFO:     127.0.0.1:54720 - "GET /appointments/doctor/me HTTP/1.1" 200 OK
2026-09-27 22:40:13,565 INFO sqlalchemy.engine.Engine ROLLBACK
2026-09-27 22:40:15,952 INFO sqlalchemy.engine.Engine BEGIN (implicit)
2026-09-27 22:40:15,960 INFO sqlalchemy.engine.Engine SELECT users.id AS users_id, users.name AS users_name, users.email AS users_email, users.password_hash AS users_password_hash, users.account_type AS users_account_type, users.role_id AS users_role_id, users.is_active AS users_is_active, users.created_at AS users_created_at 
FROM users 
WHERE users.id = %(id_1)s 
 LIMIT %(param_1)s
2026-09-27 22:40:15,963 INFO sqlalchemy.engine.Engine [cached since 1259s ago] {'id_1': 15, 'param_1': 1}
2026-09-27 22:40:15,970 INFO sqlalchemy.engine.Engine SELECT roles.id AS roles_id, roles.name AS roles_name, roles.description AS roles_description 
FROM roles 
WHERE roles.id = %(pk_1)s
2026-09-27 22:40:15,974 INFO sqlalchemy.engine.Engine [cached since 1172s ago] {'pk_1': 2}
2026-09-27 22:40:15,977 INFO sqlalchemy.engine.Engine SELECT roles.id, roles.name, roles.description 
FROM roles ORDER BY roles.id
2026-09-27 22:40:15,979 INFO sqlalchemy.engine.Engine [cached since 200.6s ago] {}
INFO:     127.0.0.1:54720 - "GET /roles/ HTTP/1.1" 200 OK
2026-09-27 22:40:15,984 INFO sqlalchemy.engine.Engine ROLLBACK
2026-09-27 22:40:17,314 INFO sqlalchemy.engine.Engine BEGIN (implicit)
2026-09-27 22:40:17,317 INFO sqlalchemy.engine.Engine BEGIN (implicit)
2026-09-27 22:40:17,320 INFO sqlalchemy.engine.Engine SELECT users.id AS users_id, users.name AS users_name, users.email AS users_email, users.password_hash AS users_password_hash, users.account_type AS users_account_type, users.role_id AS users_role_id, users.is_active AS users_is_active, users.created_at AS users_created_at 
FROM users 
WHERE users.id = %(id_1)s 
 LIMIT %(param_1)s
2026-09-27 22:40:17,325 INFO sqlalchemy.engine.Engine SELECT users.id AS users_id, users.name AS users_name, users.email AS users_email, users.password_hash AS users_password_hash, users.account_type AS users_account_type, users.role_id AS users_role_id, users.is_active AS users_is_active, users.created_at AS users_created_at 
FROM users 
WHERE users.id = %(id_1)s 
 LIMIT %(param_1)s
2026-09-27 22:40:17,326 INFO sqlalchemy.engine.Engine [cached since 1261s ago] {'id_1': 15, 'param_1': 1}
2026-09-27 22:40:17,326 INFO sqlalchemy.engine.Engine [cached since 1261s ago] {'id_1': 15, 'param_1': 1}
2026-09-27 22:40:17,330 INFO sqlalchemy.engine.Engine SELECT roles.id AS roles_id, roles.name AS roles_name, roles.description AS roles_description 
FROM roles 
WHERE roles.id = %(pk_1)s
2026-09-27 22:40:17,331 INFO sqlalchemy.engine.Engine [cached since 1173s ago] {'pk_1': 2}
2026-09-27 22:40:17,331 INFO sqlalchemy.engine.Engine SELECT roles.id AS roles_id, roles.name AS roles_name, roles.description AS roles_description 
FROM roles 
WHERE roles.id = %(pk_1)s
2026-09-27 22:40:17,332 INFO sqlalchemy.engine.Engine [cached since 1173s ago] {'pk_1': 2}
2026-09-27 22:40:17,334 INFO sqlalchemy.engine.Engine SELECT employees.id, employees.name, employees.role_id, employees.department_id, employees.dob, employees.gender, employees.phone, employees.email, employees.address, employees.hire_date, employees.salary, employees.employment_status, employees.created_at, employees.updated_at 
FROM employees 
WHERE employees.email = %(email_1)s
2026-09-27 22:40:17,334 INFO sqlalchemy.engine.Engine [cached since 189.4s ago] {'email_1': 'vikram@hms.com'}
2026-09-27 22:40:17,336 INFO sqlalchemy.engine.Engine SELECT roles.id, roles.name, roles.description 
FROM roles ORDER BY roles.id
2026-09-27 22:40:17,336 INFO sqlalchemy.engine.Engine [cached since 202s ago] {}
2026-09-27 22:40:17,338 INFO sqlalchemy.engine.Engine SELECT doctors.id, doctors.employee_id, doctors.specialization, doctors.experience_years 
FROM doctors 
WHERE doctors.employee_id = %(employee_id_1)s
2026-09-27 22:40:17,339 INFO sqlalchemy.engine.Engine [cached since 189.4s ago] {'employee_id_1': 17}
2026-09-27 22:40:17,341 INFO sqlalchemy.engine.Engine SELECT DISTINCT patients.id, patients.name, patients.date_of_birth, patients.gender, patients.phone, patients.email, patients.address, patients.user_id 
FROM patients JOIN appointments ON appointments.patient_id = patients.id 
WHERE appointments.doctor_id = %(doctor_id_1)s ORDER BY patients.id
INFO:     127.0.0.1:54720 - "GET /roles/ HTTP/1.1" 200 OK
2026-09-27 22:40:17,342 INFO sqlalchemy.engine.Engine [cached since 180.8s ago] {'doctor_id_1': 7}
2026-09-27 22:40:17,343 INFO sqlalchemy.engine.Engine ROLLBACK
INFO:     127.0.0.1:54850 - "GET /patients/doctor/me HTTP/1.1" 200 OK
2026-09-27 22:40:17,349 INFO sqlalchemy.engine.Engine ROLLBACK
2026-09-27 22:40:19,264 INFO sqlalchemy.engine.Engine BEGIN (implicit)
2026-09-27 22:40:19,265 INFO sqlalchemy.engine.Engine SELECT users.id AS users_id, users.name AS users_name, users.email AS users_email, users.password_hash AS users_password_hash, users.account_type AS users_account_type, users.role_id AS users_role_id, users.is_active AS users_is_active, users.created_at AS users_created_at 
FROM users 
WHERE users.id = %(id_1)s 
 LIMIT %(param_1)s
2026-09-27 22:40:19,267 INFO sqlalchemy.engine.Engine [cached since 1263s ago] {'id_1': 15, 'param_1': 1}
2026-09-27 22:40:19,277 INFO sqlalchemy.engine.Engine SELECT roles.id AS roles_id, roles.name AS roles_name, roles.description AS roles_description 
FROM roles 
WHERE roles.id = %(pk_1)s
2026-09-27 22:40:19,277 INFO sqlalchemy.engine.Engine [cached since 1175s ago] {'pk_1': 2}
2026-09-27 22:40:19,279 INFO sqlalchemy.engine.Engine SELECT roles.id, roles.name, roles.description 
FROM roles ORDER BY roles.id
2026-09-27 22:40:19,280 INFO sqlalchemy.engine.Engine [cached since 204s ago] {}
INFO:     127.0.0.1:54850 - "GET /roles/ HTTP/1.1" 200 OK
2026-09-27 22:40:19,283 INFO sqlalchemy.engine.Engine ROLLBACK
2026-09-27 22:40:20,728 INFO sqlalchemy.engine.Engine BEGIN (implicit)
2026-09-27 22:40:20,728 INFO sqlalchemy.engine.Engine BEGIN (implicit)
2026-09-27 22:40:20,729 INFO sqlalchemy.engine.Engine SELECT users.id AS users_id, users.name AS users_name, users.email AS users_email, users.password_hash AS users_password_hash, users.account_type AS users_account_type, users.role_id AS users_role_id, users.is_active AS users_is_active, users.created_at AS users_created_at 
FROM users 
WHERE users.id = %(id_1)s 
 LIMIT %(param_1)s
2026-09-27 22:40:20,730 INFO sqlalchemy.engine.Engine SELECT users.id AS users_id, users.name AS users_name, users.email AS users_email, users.password_hash AS users_password_hash, users.account_type AS users_account_type, users.role_id AS users_role_id, users.is_active AS users_is_active, users.created_at AS users_created_at 
FROM users 
WHERE users.id = %(id_1)s 
 LIMIT %(param_1)s
2026-09-27 22:40:20,731 INFO sqlalchemy.engine.Engine [cached since 1264s ago] {'id_1': 15, 'param_1': 1}
2026-09-27 22:40:20,732 INFO sqlalchemy.engine.Engine [cached since 1264s ago] {'id_1': 15, 'param_1': 1}
2026-09-27 22:40:20,739 INFO sqlalchemy.engine.Engine SELECT roles.id AS roles_id, roles.name AS roles_name, roles.description AS roles_description 
FROM roles 
WHERE roles.id = %(pk_1)s
2026-09-27 22:40:20,741 INFO sqlalchemy.engine.Engine SELECT roles.id AS roles_id, roles.name AS roles_name, roles.description AS roles_description 
FROM roles 
WHERE roles.id = %(pk_1)s
2026-09-27 22:40:20,742 INFO sqlalchemy.engine.Engine [cached since 1176s ago] {'pk_1': 2}
2026-09-27 22:40:20,743 INFO sqlalchemy.engine.Engine [cached since 1176s ago] {'pk_1': 2}
2026-09-27 22:40:20,747 INFO sqlalchemy.engine.Engine SELECT roles.id, roles.name, roles.description 
FROM roles ORDER BY roles.id
2026-09-27 22:40:20,748 INFO sqlalchemy.engine.Engine [cached since 205.4s ago] {}
2026-09-27 22:40:20,750 INFO sqlalchemy.engine.Engine SELECT employees.id, employees.name, employees.role_id, employees.department_id, employees.dob, employees.gender, employees.phone, employees.email, employees.address, employees.hire_date, employees.salary, employees.employment_status, employees.created_at, employees.updated_at 
FROM employees 
WHERE employees.email = %(email_1)s
2026-09-27 22:40:20,752 INFO sqlalchemy.engine.Engine [cached since 192.9s ago] {'email_1': 'vikram@hms.com'}
INFO:     127.0.0.1:54850 - "GET /roles/ HTTP/1.1" 200 OK
2026-09-27 22:40:20,756 INFO sqlalchemy.engine.Engine SELECT doctors.id, doctors.employee_id, doctors.specialization, doctors.experience_years 
FROM doctors 
WHERE doctors.employee_id = %(employee_id_1)s
2026-09-27 22:40:20,757 INFO sqlalchemy.engine.Engine ROLLBACK
2026-09-27 22:40:20,757 INFO sqlalchemy.engine.Engine [cached since 192.8s ago] {'employee_id_1': 17}
2026-09-27 22:40:20,760 INFO sqlalchemy.engine.Engine SELECT medical_records.id, medical_records.patient_id, medical_records.doctor_id, medical_records.diagnosis, medical_records.notes, medical_records.record_date 
FROM medical_records 
WHERE medical_records.doctor_id = %(doctor_id_1)s ORDER BY medical_records.record_date DESC, medical_records.id DESC
2026-09-27 22:40:20,761 INFO sqlalchemy.engine.Engine [cached since 183s ago] {'doctor_id_1': 7}
INFO:     127.0.0.1:54720 - "GET /medical-records/doctor/me HTTP/1.1" 200 OK
2026-09-27 22:40:20,769 INFO sqlalchemy.engine.Engine ROLLBACK
2026-09-27 22:40:22,456 INFO sqlalchemy.engine.Engine BEGIN (implicit)
2026-09-27 22:40:22,458 INFO sqlalchemy.engine.Engine SELECT users.id AS users_id, users.name AS users_name, users.email AS users_email, users.password_hash AS users_password_hash, users.account_type AS users_account_type, users.role_id AS users_role_id, users.is_active AS users_is_active, users.created_at AS users_created_at 
FROM users 
WHERE users.id = %(id_1)s 
 LIMIT %(param_1)s
2026-09-27 22:40:22,459 INFO sqlalchemy.engine.Engine [cached since 1266s ago] {'id_1': 15, 'param_1': 1}
2026-09-27 22:40:22,462 INFO sqlalchemy.engine.Engine SELECT roles.id AS roles_id, roles.name AS roles_name, roles.description AS roles_description 
FROM roles 
WHERE roles.id = %(pk_1)s
2026-09-27 22:40:22,462 INFO sqlalchemy.engine.Engine [cached since 1178s ago] {'pk_1': 2}
2026-09-27 22:40:22,465 INFO sqlalchemy.engine.Engine SELECT roles.id, roles.name, roles.description 
FROM roles ORDER BY roles.id
2026-09-27 22:40:22,466 INFO sqlalchemy.engine.Engine [cached since 207.1s ago] {}
INFO:     127.0.0.1:54720 - "GET /roles/ HTTP/1.1" 200 OK
2026-09-27 22:40:22,476 INFO sqlalchemy.engine.Engine ROLLBACK
2026-09-27 22:40:23,795 INFO sqlalchemy.engine.Engine BEGIN (implicit)
2026-09-27 22:40:23,796 INFO sqlalchemy.engine.Engine SELECT users.id AS users_id, users.name AS users_name, users.email AS users_email, users.password_hash AS users_password_hash, users.account_type AS users_account_type, users.role_id AS users_role_id, users.is_active AS users_is_active, users.created_at AS users_created_at 
FROM users 
WHERE users.id = %(id_1)s 
 LIMIT %(param_1)s
2026-09-27 22:40:23,796 INFO sqlalchemy.engine.Engine BEGIN (implicit)
2026-09-27 22:40:23,796 INFO sqlalchemy.engine.Engine [cached since 1267s ago] {'id_1': 15, 'param_1': 1}
2026-09-27 22:40:23,797 INFO sqlalchemy.engine.Engine SELECT users.id AS users_id, users.name AS users_name, users.email AS users_email, users.password_hash AS users_password_hash, users.account_type AS users_account_type, users.role_id AS users_role_id, users.is_active AS users_is_active, users.created_at AS users_created_at 
FROM users 
WHERE users.id = %(id_1)s 
 LIMIT %(param_1)s
2026-09-27 22:40:23,798 INFO sqlalchemy.engine.Engine [cached since 1267s ago] {'id_1': 15, 'param_1': 1}
2026-09-27 22:40:23,802 INFO sqlalchemy.engine.Engine SELECT roles.id AS roles_id, roles.name AS roles_name, roles.description AS roles_description 
FROM roles 
WHERE roles.id = %(pk_1)s
2026-09-27 22:40:23,803 INFO sqlalchemy.engine.Engine [cached since 1179s ago] {'pk_1': 2}
2026-09-27 22:40:23,805 INFO sqlalchemy.engine.Engine SELECT roles.id AS roles_id, roles.name AS roles_name, roles.description AS roles_description 
FROM roles 
WHERE roles.id = %(pk_1)s
2026-09-27 22:40:23,807 INFO sqlalchemy.engine.Engine [cached since 1179s ago] {'pk_1': 2}
2026-09-27 22:40:23,807 INFO sqlalchemy.engine.Engine SELECT roles.id, roles.name, roles.description 
FROM roles ORDER BY roles.id
2026-09-27 22:40:23,808 INFO sqlalchemy.engine.Engine [cached since 208.5s ago] {}
2026-09-27 22:40:23,809 INFO sqlalchemy.engine.Engine SELECT employees.id, employees.name, employees.role_id, employees.department_id, employees.dob, employees.gender, employees.phone, employees.email, employees.address, employees.hire_date, employees.salary, employees.employment_status, employees.created_at, employees.updated_at 
FROM employees 
WHERE employees.email = %(email_1)s
2026-09-27 22:40:23,810 INFO sqlalchemy.engine.Engine [cached since 195.9s ago] {'email_1': 'vikram@hms.com'}
INFO:     127.0.0.1:54720 - "GET /roles/ HTTP/1.1" 200 OK
2026-09-27 22:40:23,813 INFO sqlalchemy.engine.Engine SELECT doctors.id, doctors.employee_id, doctors.specialization, doctors.experience_years 
FROM doctors 
WHERE doctors.employee_id = %(employee_id_1)s
2026-09-27 22:40:23,814 INFO sqlalchemy.engine.Engine ROLLBACK
2026-09-27 22:40:23,814 INFO sqlalchemy.engine.Engine [cached since 195.9s ago] {'employee_id_1': 17}
2026-09-27 22:40:23,818 INFO sqlalchemy.engine.Engine SELECT prescriptions.id, prescriptions.patient_id, prescriptions.doctor_id, prescriptions.pharmacy_id, prescriptions.lab_test_id, prescriptions.prescription_date 
FROM prescriptions 
WHERE prescriptions.doctor_id = %(doctor_id_1)s ORDER BY prescriptions.prescription_date DESC, prescriptions.id DESC
2026-09-27 22:40:23,818 INFO sqlalchemy.engine.Engine [cached since 184.9s ago] {'doctor_id_1': 7}
INFO:     127.0.0.1:54850 - "GET /prescriptions/ HTTP/1.1" 200 OK
2026-09-27 22:40:23,823 INFO sqlalchemy.engine.Engine ROLLBACK
2026-09-27 22:40:25,661 INFO sqlalchemy.engine.Engine BEGIN (implicit)
2026-09-27 22:40:25,663 INFO sqlalchemy.engine.Engine SELECT users.id AS users_id, users.name AS users_name, users.email AS users_email, users.password_hash AS users_password_hash, users.account_type AS users_account_type, users.role_id AS users_role_id, users.is_active AS users_is_active, users.created_at AS users_created_at 
FROM users 
WHERE users.id = %(id_1)s 
 LIMIT %(param_1)s
2026-09-27 22:40:25,665 INFO sqlalchemy.engine.Engine [cached since 1269s ago] {'id_1': 15, 'param_1': 1}
2026-09-27 22:40:25,673 INFO sqlalchemy.engine.Engine SELECT roles.id AS roles_id, roles.name AS roles_name, roles.description AS roles_description 
FROM roles 
WHERE roles.id = %(pk_1)s
2026-09-27 22:40:25,674 INFO sqlalchemy.engine.Engine [cached since 1181s ago] {'pk_1': 2}
2026-09-27 22:40:25,676 INFO sqlalchemy.engine.Engine SELECT roles.id, roles.name, roles.description 
FROM roles ORDER BY roles.id
2026-09-27 22:40:25,676 INFO sqlalchemy.engine.Engine [cached since 210.3s ago] {}
INFO:     127.0.0.1:54850 - "GET /roles/ HTTP/1.1" 200 OK
2026-09-27 22:40:25,678 INFO sqlalchemy.engine.Engine ROLLBACK
INFO:     127.0.0.1:50447 - "GET /docs HTTP/1.1" 200 OK
2026-09-27 22:48:08,657 INFO sqlalchemy.engine.Engine BEGIN (implicit)
2026-09-27 22:48:08,665 INFO sqlalchemy.engine.Engine SELECT users.id AS users_id, users.name AS users_name, users.email AS users_email, users.password_hash AS users_password_hash, users.account_type AS users_account_type, users.role_id AS users_role_id, users.is_active AS users_is_active, users.created_at AS users_created_at 
FROM users 
WHERE users.email = %(email_1)s 
 LIMIT %(param_1)s
2026-09-27 22:48:08,666 INFO sqlalchemy.engine.Engine [cached since 1733s ago] {'email_1': 'admin@hms.com', 'param_1': 1}
2026-09-27 22:48:09,314 INFO sqlalchemy.engine.Engine SELECT roles.id AS roles_id, roles.name AS roles_name, roles.description AS roles_description 
FROM roles 
WHERE roles.id = %(pk_1)s
2026-09-27 22:48:09,314 INFO sqlalchemy.engine.Engine [cached since 1645s ago] {'pk_1': 1}
INFO:     127.0.0.1:50453 - "POST /auth/login HTTP/1.1" 200 OK
2026-09-27 22:48:09,320 INFO sqlalchemy.engine.Engine ROLLBACK
INFO:     127.0.0.1:51723 - "GET /doctor/dashboard HTTP/1.1" 200 OK
2026-09-27 22:49:26,563 INFO sqlalchemy.engine.Engine BEGIN (implicit)
2026-09-27 22:49:26,566 INFO sqlalchemy.engine.Engine SELECT users.id AS users_id, users.name AS users_name, users.email AS users_email, users.password_hash AS users_password_hash, users.account_type AS users_account_type, users.role_id AS users_role_id, users.is_active AS users_is_active, users.created_at AS users_created_at 
FROM users 
WHERE users.id = %(id_1)s 
 LIMIT %(param_1)s
2026-09-27 22:49:26,566 INFO sqlalchemy.engine.Engine [cached since 1810s ago] {'id_1': 15, 'param_1': 1}
2026-09-27 22:49:26,574 INFO sqlalchemy.engine.Engine SELECT roles.id AS roles_id, roles.name AS roles_name, roles.description AS roles_description 
FROM roles 
WHERE roles.id = %(pk_1)s
2026-09-27 22:49:26,575 INFO sqlalchemy.engine.Engine [cached since 1722s ago] {'pk_1': 2}
2026-09-27 22:49:26,582 INFO sqlalchemy.engine.Engine SELECT roles.id, roles.name, roles.description 
FROM roles ORDER BY roles.id
2026-09-27 22:49:26,583 INFO sqlalchemy.engine.Engine [cached since 751.3s ago] {}
INFO:     127.0.0.1:51723 - "GET /roles/ HTTP/1.1" 200 OK
2026-09-27 22:49:26,609 INFO sqlalchemy.engine.Engine ROLLBACK
2026-09-27 22:49:28,127 INFO sqlalchemy.engine.Engine BEGIN (implicit)
2026-09-27 22:49:28,127 INFO sqlalchemy.engine.Engine BEGIN (implicit)
2026-09-27 22:49:28,129 INFO sqlalchemy.engine.Engine SELECT users.id AS users_id, users.name AS users_name, users.email AS users_email, users.password_hash AS users_password_hash, users.account_type AS users_account_type, users.role_id AS users_role_id, users.is_active AS users_is_active, users.created_at AS users_created_at 
FROM users 
WHERE users.id = %(id_1)s 
 LIMIT %(param_1)s
2026-09-27 22:49:28,129 INFO sqlalchemy.engine.Engine SELECT users.id AS users_id, users.name AS users_name, users.email AS users_email, users.password_hash AS users_password_hash, users.account_type AS users_account_type, users.role_id AS users_role_id, users.is_active AS users_is_active, users.created_at AS users_created_at 
FROM users 
WHERE users.id = %(id_1)s 
 LIMIT %(param_1)s
2026-09-27 22:49:28,130 INFO sqlalchemy.engine.Engine [cached since 1812s ago] {'id_1': 15, 'param_1': 1}
2026-09-27 22:49:28,130 INFO sqlalchemy.engine.Engine [cached since 1812s ago] {'id_1': 15, 'param_1': 1}
2026-09-27 22:49:28,134 INFO sqlalchemy.engine.Engine SELECT roles.id AS roles_id, roles.name AS roles_name, roles.description AS roles_description 
FROM roles 
WHERE roles.id = %(pk_1)s
2026-09-27 22:49:28,135 INFO sqlalchemy.engine.Engine SELECT roles.id AS roles_id, roles.name AS roles_name, roles.description AS roles_description 
FROM roles 
WHERE roles.id = %(pk_1)s
2026-09-27 22:49:28,135 INFO sqlalchemy.engine.Engine [cached since 1724s ago] {'pk_1': 2}
2026-09-27 22:49:28,136 INFO sqlalchemy.engine.Engine [cached since 1724s ago] {'pk_1': 2}
2026-09-27 22:49:28,138 INFO sqlalchemy.engine.Engine SELECT roles.id, roles.name, roles.description 
FROM roles ORDER BY roles.id
2026-09-27 22:49:28,143 INFO sqlalchemy.engine.Engine SELECT employees.id, employees.name, employees.role_id, employees.department_id, employees.dob, employees.gender, employees.phone, employees.email, employees.address, employees.hire_date, employees.salary, employees.employment_status, employees.created_at, employees.updated_at 
FROM employees 
WHERE employees.email = %(email_1)s
2026-09-27 22:49:28,143 INFO sqlalchemy.engine.Engine [cached since 752.8s ago] {}
2026-09-27 22:49:28,144 INFO sqlalchemy.engine.Engine [cached since 740.2s ago] {'email_1': 'vikram@hms.com'}
INFO:     127.0.0.1:51723 - "GET /roles/ HTTP/1.1" 200 OK
2026-09-27 22:49:28,148 INFO sqlalchemy.engine.Engine ROLLBACK
2026-09-27 22:49:28,161 INFO sqlalchemy.engine.Engine SELECT doctors.id, doctors.employee_id, doctors.specialization, doctors.experience_years 
FROM doctors 
WHERE doctors.employee_id = %(employee_id_1)s
2026-09-27 22:49:28,162 INFO sqlalchemy.engine.Engine [cached since 740.2s ago] {'employee_id_1': 17}
2026-09-27 22:49:28,166 INFO sqlalchemy.engine.Engine SELECT appointments.id, appointments.patient_id, appointments.doctor_id, appointments.appointment_date, appointments.appointment_time, appointments.reason, appointments.status 
FROM appointments 
WHERE appointments.doctor_id = %(doctor_id_1)s ORDER BY appointments.appointment_date, appointments.appointment_time
2026-09-27 22:49:28,167 INFO sqlalchemy.engine.Engine [cached since 740.2s ago] {'doctor_id_1': 7}
INFO:     127.0.0.1:51200 - "GET /appointments/doctor/me HTTP/1.1" 200 OK
2026-09-27 22:49:28,184 INFO sqlalchemy.engine.Engine ROLLBACK
2026-09-27 22:49:35,082 INFO sqlalchemy.engine.Engine BEGIN (implicit)
2026-09-27 22:49:35,083 INFO sqlalchemy.engine.Engine BEGIN (implicit)
2026-09-27 22:49:35,083 INFO sqlalchemy.engine.Engine SELECT users.id AS users_id, users.name AS users_name, users.email AS users_email, users.password_hash AS users_password_hash, users.account_type AS users_account_type, users.role_id AS users_role_id, users.is_active AS users_is_active, users.created_at AS users_created_at 
FROM users 
WHERE users.id = %(id_1)s 
 LIMIT %(param_1)s
2026-09-27 22:49:35,084 INFO sqlalchemy.engine.Engine SELECT users.id AS users_id, users.name AS users_name, users.email AS users_email, users.password_hash AS users_password_hash, users.account_type AS users_account_type, users.role_id AS users_role_id, users.is_active AS users_is_active, users.created_at AS users_created_at 
FROM users 
WHERE users.id = %(id_1)s 
 LIMIT %(param_1)s
2026-09-27 22:49:35,084 INFO sqlalchemy.engine.Engine [cached since 1819s ago] {'id_1': 15, 'param_1': 1}
2026-09-27 22:49:35,085 INFO sqlalchemy.engine.Engine [cached since 1819s ago] {'id_1': 15, 'param_1': 1}
2026-09-27 22:49:35,088 INFO sqlalchemy.engine.Engine SELECT roles.id AS roles_id, roles.name AS roles_name, roles.description AS roles_description 
FROM roles 
WHERE roles.id = %(pk_1)s
2026-09-27 22:49:35,089 INFO sqlalchemy.engine.Engine SELECT roles.id AS roles_id, roles.name AS roles_name, roles.description AS roles_description 
FROM roles 
WHERE roles.id = %(pk_1)s
2026-09-27 22:49:35,089 INFO sqlalchemy.engine.Engine [cached since 1731s ago] {'pk_1': 2}
2026-09-27 22:49:35,090 INFO sqlalchemy.engine.Engine [cached since 1731s ago] {'pk_1': 2}
2026-09-27 22:49:35,093 INFO sqlalchemy.engine.Engine SELECT employees.id, employees.name, employees.role_id, employees.department_id, employees.dob, employees.gender, employees.phone, employees.email, employees.address, employees.hire_date, employees.salary, employees.employment_status, employees.created_at, employees.updated_at 
FROM employees 
WHERE employees.email = %(email_1)s
2026-09-27 22:49:35,093 INFO sqlalchemy.engine.Engine SELECT roles.id, roles.name, roles.description 
FROM roles ORDER BY roles.id
2026-09-27 22:49:35,094 INFO sqlalchemy.engine.Engine [cached since 747.2s ago] {'email_1': 'vikram@hms.com'}
2026-09-27 22:49:35,094 INFO sqlalchemy.engine.Engine [cached since 759.8s ago] {}
2026-09-27 22:49:35,099 INFO sqlalchemy.engine.Engine SELECT doctors.id, doctors.employee_id, doctors.specialization, doctors.experience_years 
FROM doctors 
WHERE doctors.employee_id = %(employee_id_1)s
2026-09-27 22:49:35,100 INFO sqlalchemy.engine.Engine [cached since 747.2s ago] {'employee_id_1': 17}
INFO:     127.0.0.1:50060 - "GET /roles/ HTTP/1.1" 200 OK
2026-09-27 22:49:35,101 INFO sqlalchemy.engine.Engine ROLLBACK
2026-09-27 22:49:35,109 INFO sqlalchemy.engine.Engine SELECT DISTINCT patients.id, patients.name, patients.date_of_birth, patients.gender, patients.phone, patients.email, patients.address, patients.user_id 
FROM patients JOIN appointments ON appointments.patient_id = patients.id 
WHERE appointments.doctor_id = %(doctor_id_1)s ORDER BY patients.id
2026-09-27 22:49:35,110 INFO sqlalchemy.engine.Engine [cached since 738.6s ago] {'doctor_id_1': 7}
INFO:     127.0.0.1:50061 - "GET /patients/doctor/me HTTP/1.1" 200 OK
2026-09-27 22:49:35,138 INFO sqlalchemy.engine.Engine ROLLBACK
2026-09-27 22:49:36,464 INFO sqlalchemy.engine.Engine BEGIN (implicit)
2026-09-27 22:49:36,464 INFO sqlalchemy.engine.Engine BEGIN (implicit)
2026-09-27 22:49:36,465 INFO sqlalchemy.engine.Engine SELECT users.id AS users_id, users.name AS users_name, users.email AS users_email, users.password_hash AS users_password_hash, users.account_type AS users_account_type, users.role_id AS users_role_id, users.is_active AS users_is_active, users.created_at AS users_created_at 
FROM users 
WHERE users.id = %(id_1)s 
 LIMIT %(param_1)s
2026-09-27 22:49:36,466 INFO sqlalchemy.engine.Engine SELECT users.id AS users_id, users.name AS users_name, users.email AS users_email, users.password_hash AS users_password_hash, users.account_type AS users_account_type, users.role_id AS users_role_id, users.is_active AS users_is_active, users.created_at AS users_created_at 
FROM users 
WHERE users.id = %(id_1)s 
 LIMIT %(param_1)s
2026-09-27 22:49:36,466 INFO sqlalchemy.engine.Engine [cached since 1820s ago] {'id_1': 15, 'param_1': 1}
2026-09-27 22:49:36,467 INFO sqlalchemy.engine.Engine [cached since 1820s ago] {'id_1': 15, 'param_1': 1}
2026-09-27 22:49:36,474 INFO sqlalchemy.engine.Engine SELECT roles.id AS roles_id, roles.name AS roles_name, roles.description AS roles_description 
FROM roles 
WHERE roles.id = %(pk_1)s
2026-09-27 22:49:36,475 INFO sqlalchemy.engine.Engine [cached since 1732s ago] {'pk_1': 2}
2026-09-27 22:49:36,481 INFO sqlalchemy.engine.Engine SELECT roles.id AS roles_id, roles.name AS roles_name, roles.description AS roles_description 
FROM roles 
WHERE roles.id = %(pk_1)s
2026-09-27 22:49:36,485 INFO sqlalchemy.engine.Engine [cached since 1732s ago] {'pk_1': 2}
2026-09-27 22:49:36,486 INFO sqlalchemy.engine.Engine SELECT roles.id, roles.name, roles.description 
FROM roles ORDER BY roles.id
2026-09-27 22:49:36,487 INFO sqlalchemy.engine.Engine [cached since 761.2s ago] {}
2026-09-27 22:49:36,489 INFO sqlalchemy.engine.Engine SELECT employees.id, employees.name, employees.role_id, employees.department_id, employees.dob, employees.gender, employees.phone, employees.email, employees.address, employees.hire_date, employees.salary, employees.employment_status, employees.created_at, employees.updated_at 
FROM employees 
WHERE employees.email = %(email_1)s
2026-09-27 22:49:36,489 INFO sqlalchemy.engine.Engine [cached since 748.6s ago] {'email_1': 'vikram@hms.com'}
INFO:     127.0.0.1:50061 - "GET /roles/ HTTP/1.1" 200 OK
2026-09-27 22:49:36,491 INFO sqlalchemy.engine.Engine SELECT doctors.id, doctors.employee_id, doctors.specialization, doctors.experience_years 
FROM doctors 
WHERE doctors.employee_id = %(employee_id_1)s
2026-09-27 22:49:36,492 INFO sqlalchemy.engine.Engine ROLLBACK
2026-09-27 22:49:36,492 INFO sqlalchemy.engine.Engine [cached since 748.6s ago] {'employee_id_1': 17}
2026-09-27 22:49:36,501 INFO sqlalchemy.engine.Engine SELECT medical_records.id, medical_records.patient_id, medical_records.doctor_id, medical_records.diagnosis, medical_records.notes, medical_records.record_date 
FROM medical_records 
WHERE medical_records.doctor_id = %(doctor_id_1)s ORDER BY medical_records.record_date DESC, medical_records.id DESC
2026-09-27 22:49:36,502 INFO sqlalchemy.engine.Engine [cached since 738.7s ago] {'doctor_id_1': 7}
INFO:     127.0.0.1:50060 - "GET /medical-records/doctor/me HTTP/1.1" 200 OK
2026-09-27 22:49:36,517 INFO sqlalchemy.engine.Engine ROLLBACK
2026-09-27 22:49:37,847 INFO sqlalchemy.engine.Engine BEGIN (implicit)
2026-09-27 22:49:37,847 INFO sqlalchemy.engine.Engine BEGIN (implicit)
2026-09-27 22:49:37,849 INFO sqlalchemy.engine.Engine SELECT users.id AS users_id, users.name AS users_name, users.email AS users_email, users.password_hash AS users_password_hash, users.account_type AS users_account_type, users.role_id AS users_role_id, users.is_active AS users_is_active, users.created_at AS users_created_at 
FROM users 
WHERE users.id = %(id_1)s 
 LIMIT %(param_1)s
2026-09-27 22:49:37,850 INFO sqlalchemy.engine.Engine SELECT users.id AS users_id, users.name AS users_name, users.email AS users_email, users.password_hash AS users_password_hash, users.account_type AS users_account_type, users.role_id AS users_role_id, users.is_active AS users_is_active, users.created_at AS users_created_at 
FROM users 
WHERE users.id = %(id_1)s 
 LIMIT %(param_1)s
2026-09-27 22:49:37,851 INFO sqlalchemy.engine.Engine [cached since 1821s ago] {'id_1': 15, 'param_1': 1}
2026-09-27 22:49:37,851 INFO sqlalchemy.engine.Engine [cached since 1821s ago] {'id_1': 15, 'param_1': 1}
2026-09-27 22:49:37,856 INFO sqlalchemy.engine.Engine SELECT roles.id AS roles_id, roles.name AS roles_name, roles.description AS roles_description 
FROM roles 
WHERE roles.id = %(pk_1)s
2026-09-27 22:49:37,858 INFO sqlalchemy.engine.Engine [cached since 1733s ago] {'pk_1': 2}
2026-09-27 22:49:37,859 INFO sqlalchemy.engine.Engine SELECT roles.id AS roles_id, roles.name AS roles_name, roles.description AS roles_description 
FROM roles 
WHERE roles.id = %(pk_1)s
2026-09-27 22:49:37,862 INFO sqlalchemy.engine.Engine [cached since 1734s ago] {'pk_1': 2}
2026-09-27 22:49:37,861 INFO sqlalchemy.engine.Engine SELECT employees.id, employees.name, employees.role_id, employees.department_id, employees.dob, employees.gender, employees.phone, employees.email, employees.address, employees.hire_date, employees.salary, employees.employment_status, employees.created_at, employees.updated_at 
FROM employees 
WHERE employees.email = %(email_1)s
2026-09-27 22:49:37,863 INFO sqlalchemy.engine.Engine [cached since 750s ago] {'email_1': 'vikram@hms.com'}
2026-09-27 22:49:37,864 INFO sqlalchemy.engine.Engine SELECT roles.id, roles.name, roles.description 
FROM roles ORDER BY roles.id
2026-09-27 22:49:37,865 INFO sqlalchemy.engine.Engine SELECT doctors.id, doctors.employee_id, doctors.specialization, doctors.experience_years 
FROM doctors 
WHERE doctors.employee_id = %(employee_id_1)s
2026-09-27 22:49:37,865 INFO sqlalchemy.engine.Engine [cached since 762.5s ago] {}
2026-09-27 22:49:37,866 INFO sqlalchemy.engine.Engine [cached since 750s ago] {'employee_id_1': 17}
2026-09-27 22:49:37,868 INFO sqlalchemy.engine.Engine SELECT prescriptions.id, prescriptions.patient_id, prescriptions.doctor_id, prescriptions.pharmacy_id, prescriptions.lab_test_id, prescriptions.prescription_date 
FROM prescriptions 
WHERE prescriptions.doctor_id = %(doctor_id_1)s ORDER BY prescriptions.prescription_date DESC, prescriptions.id DESC
2026-09-27 22:49:37,869 INFO sqlalchemy.engine.Engine [cached since 738.9s ago] {'doctor_id_1': 7}
INFO:     127.0.0.1:50060 - "GET /roles/ HTTP/1.1" 200 OK
2026-09-27 22:49:37,871 INFO sqlalchemy.engine.Engine ROLLBACK
INFO:     127.0.0.1:50061 - "GET /prescriptions/ HTTP/1.1" 200 OK
2026-09-27 22:49:37,886 INFO sqlalchemy.engine.Engine ROLLBACK
INFO:     127.0.0.1:50061 - "GET /assets/DoctorSchedule-CVTzdJTt.js HTTP/1.1" 200 OK
INFO:     127.0.0.1:50060 - "GET /assets/doctorSchedules-DcKtnKv2.js HTTP/1.1" 200 OK
2026-09-27 22:49:39,337 INFO sqlalchemy.engine.Engine BEGIN (implicit)
2026-09-27 22:49:39,337 INFO sqlalchemy.engine.Engine BEGIN (implicit)
2026-09-27 22:49:39,338 INFO sqlalchemy.engine.Engine SELECT users.id AS users_id, users.name AS users_name, users.email AS users_email, users.password_hash AS users_password_hash, users.account_type AS users_account_type, users.role_id AS users_role_id, users.is_active AS users_is_active, users.created_at AS users_created_at 
FROM users 
WHERE users.id = %(id_1)s 
 LIMIT %(param_1)s
2026-09-27 22:49:39,339 INFO sqlalchemy.engine.Engine SELECT users.id AS users_id, users.name AS users_name, users.email AS users_email, users.password_hash AS users_password_hash, users.account_type AS users_account_type, users.role_id AS users_role_id, users.is_active AS users_is_active, users.created_at AS users_created_at 
FROM users 
WHERE users.id = %(id_1)s 
 LIMIT %(param_1)s
2026-09-27 22:49:39,339 INFO sqlalchemy.engine.Engine [cached since 1823s ago] {'id_1': 15, 'param_1': 1}
2026-09-27 22:49:39,340 INFO sqlalchemy.engine.Engine [cached since 1823s ago] {'id_1': 15, 'param_1': 1}
2026-09-27 22:49:39,344 INFO sqlalchemy.engine.Engine SELECT roles.id AS roles_id, roles.name AS roles_name, roles.description AS roles_description 
FROM roles 
WHERE roles.id = %(pk_1)s
2026-09-27 22:49:39,346 INFO sqlalchemy.engine.Engine [cached since 1735s ago] {'pk_1': 2}
2026-09-27 22:49:39,346 INFO sqlalchemy.engine.Engine SELECT roles.id AS roles_id, roles.name AS roles_name, roles.description AS roles_description 
FROM roles 
WHERE roles.id = %(pk_1)s
2026-09-27 22:49:39,349 INFO sqlalchemy.engine.Engine SELECT employees.id, employees.name, employees.role_id, employees.department_id, employees.dob, employees.gender, employees.phone, employees.email, employees.address, employees.hire_date, employees.salary, employees.employment_status, employees.created_at, employees.updated_at 
FROM employees 
WHERE employees.email = %(email_1)s
2026-09-27 22:49:39,350 INFO sqlalchemy.engine.Engine [cached since 751.5s ago] {'email_1': 'vikram@hms.com'}
2026-09-27 22:49:39,350 INFO sqlalchemy.engine.Engine [cached since 1735s ago] {'pk_1': 2}
2026-09-27 22:49:39,352 INFO sqlalchemy.engine.Engine SELECT doctors.id, doctors.employee_id, doctors.specialization, doctors.experience_years 
FROM doctors 
WHERE doctors.employee_id = %(employee_id_1)s
2026-09-27 22:49:39,353 INFO sqlalchemy.engine.Engine SELECT roles.id, roles.name, roles.description 
FROM roles ORDER BY roles.id
2026-09-27 22:49:39,353 INFO sqlalchemy.engine.Engine [cached since 751.4s ago] {'employee_id_1': 17}
2026-09-27 22:49:39,353 INFO sqlalchemy.engine.Engine [cached since 764s ago] {}
2026-09-27 22:49:39,387 INFO sqlalchemy.engine.Engine SELECT doctor_schedules.id, doctor_schedules.doctor_id, doctor_schedules.day_of_week, doctor_schedules.start_time, doctor_schedules.end_time 
FROM doctor_schedules 
WHERE doctor_schedules.doctor_id = %(doctor_id_1)s ORDER BY doctor_schedules.start_time, doctor_schedules.id
2026-09-27 22:49:39,388 INFO sqlalchemy.engine.Engine [generated in 0.00226s] {'doctor_id_1': 7}
INFO:     127.0.0.1:50061 - "GET /roles/ HTTP/1.1" 200 OK
2026-09-27 22:49:39,390 INFO sqlalchemy.engine.Engine ROLLBACK
INFO:     127.0.0.1:50060 - "GET /doctor-schedules/me HTTP/1.1" 200 OK
2026-09-27 22:49:39,423 INFO sqlalchemy.engine.Engine ROLLBACK
INFO:     127.0.0.1:54096 - "GET /doctor/schedule HTTP/1.1" 200 OK
2026-09-27 22:53:28,322 INFO sqlalchemy.engine.Engine BEGIN (implicit)
2026-09-27 22:53:28,322 INFO sqlalchemy.engine.Engine BEGIN (implicit)
2026-09-27 22:53:28,325 INFO sqlalchemy.engine.Engine SELECT users.id AS users_id, users.name AS users_name, users.email AS users_email, users.password_hash AS users_password_hash, users.account_type AS users_account_type, users.role_id AS users_role_id, users.is_active AS users_is_active, users.created_at AS users_created_at 
FROM users 
WHERE users.id = %(id_1)s 
 LIMIT %(param_1)s
2026-09-27 22:53:28,326 INFO sqlalchemy.engine.Engine SELECT users.id AS users_id, users.name AS users_name, users.email AS users_email, users.password_hash AS users_password_hash, users.account_type AS users_account_type, users.role_id AS users_role_id, users.is_active AS users_is_active, users.created_at AS users_created_at 
FROM users 
WHERE users.id = %(id_1)s 
 LIMIT %(param_1)s
2026-09-27 22:53:28,326 INFO sqlalchemy.engine.Engine [cached since 2052s ago] {'id_1': 15, 'param_1': 1}
2026-09-27 22:53:28,327 INFO sqlalchemy.engine.Engine [cached since 2052s ago] {'id_1': 15, 'param_1': 1}
2026-09-27 22:53:28,332 INFO sqlalchemy.engine.Engine SELECT roles.id AS roles_id, roles.name AS roles_name, roles.description AS roles_description 
FROM roles 
WHERE roles.id = %(pk_1)s
2026-09-27 22:53:28,333 INFO sqlalchemy.engine.Engine SELECT roles.id AS roles_id, roles.name AS roles_name, roles.description AS roles_description 
FROM roles 
WHERE roles.id = %(pk_1)s
2026-09-27 22:53:28,333 INFO sqlalchemy.engine.Engine [cached since 1964s ago] {'pk_1': 2}
2026-09-27 22:53:28,333 INFO sqlalchemy.engine.Engine [cached since 1964s ago] {'pk_1': 2}
2026-09-27 22:53:28,336 INFO sqlalchemy.engine.Engine SELECT roles.id, roles.name, roles.description 
FROM roles ORDER BY roles.id
2026-09-27 22:53:28,337 INFO sqlalchemy.engine.Engine SELECT employees.id, employees.name, employees.role_id, employees.department_id, employees.dob, employees.gender, employees.phone, employees.email, employees.address, employees.hire_date, employees.salary, employees.employment_status, employees.created_at, employees.updated_at 
FROM employees 
WHERE employees.email = %(email_1)s
2026-09-27 22:53:28,337 INFO sqlalchemy.engine.Engine [cached since 993s ago] {}
2026-09-27 22:53:28,337 INFO sqlalchemy.engine.Engine [cached since 980.4s ago] {'email_1': 'vikram@hms.com'}
2026-09-27 22:53:28,340 INFO sqlalchemy.engine.Engine SELECT doctors.id, doctors.employee_id, doctors.specialization, doctors.experience_years 
FROM doctors 
WHERE doctors.employee_id = %(employee_id_1)s
2026-09-27 22:53:28,340 INFO sqlalchemy.engine.Engine [cached since 980.4s ago] {'employee_id_1': 17}
INFO:     127.0.0.1:54096 - "GET /roles/ HTTP/1.1" 200 OK
2026-09-27 22:53:28,342 INFO sqlalchemy.engine.Engine SELECT doctor_schedules.id, doctor_schedules.doctor_id, doctor_schedules.day_of_week, doctor_schedules.start_time, doctor_schedules.end_time 
FROM doctor_schedules 
WHERE doctor_schedules.doctor_id = %(doctor_id_1)s ORDER BY doctor_schedules.start_time, doctor_schedules.id
2026-09-27 22:53:28,342 INFO sqlalchemy.engine.Engine [cached since 229s ago] {'doctor_id_1': 7}
2026-09-27 22:53:28,343 INFO sqlalchemy.engine.Engine ROLLBACK
INFO:     127.0.0.1:59419 - "GET /doctor-schedules/me HTTP/1.1" 200 OK
2026-09-27 22:53:28,363 INFO sqlalchemy.engine.Engine ROLLBACK
2026-09-27 22:53:54,776 INFO sqlalchemy.engine.Engine BEGIN (implicit)
2026-09-27 22:53:54,777 INFO sqlalchemy.engine.Engine SELECT users.id AS users_id, users.name AS users_name, users.email AS users_email, users.password_hash AS users_password_hash, users.account_type AS users_account_type, users.role_id AS users_role_id, users.is_active AS users_is_active, users.created_at AS users_created_at 
FROM users 
WHERE users.id = %(id_1)s 
 LIMIT %(param_1)s
2026-09-27 22:53:54,778 INFO sqlalchemy.engine.Engine [cached since 2078s ago] {'id_1': 15, 'param_1': 1}
2026-09-27 22:53:54,798 INFO sqlalchemy.engine.Engine SELECT roles.id AS roles_id, roles.name AS roles_name, roles.description AS roles_description 
FROM roles 
WHERE roles.id = %(pk_1)s
2026-09-27 22:53:54,799 INFO sqlalchemy.engine.Engine [cached since 1990s ago] {'pk_1': 2}
2026-09-27 22:53:59,650 INFO sqlalchemy.engine.Engine ROLLBACK
INFO:     127.0.0.1:63971 - "POST /chat/ HTTP/1.1" 502 Bad Gateway
2026-09-27 22:55:23,288 INFO sqlalchemy.engine.Engine BEGIN (implicit)
2026-09-27 22:55:23,293 INFO sqlalchemy.engine.Engine SELECT users.id AS users_id, users.name AS users_name, users.email AS users_email, users.password_hash AS users_password_hash, users.account_type AS users_account_type, users.role_id AS users_role_id, users.is_active AS users_is_active, users.created_at AS users_created_at 
FROM users 
WHERE users.email = %(email_1)s 
 LIMIT %(param_1)s
2026-09-27 22:55:23,297 INFO sqlalchemy.engine.Engine [cached since 2168s ago] {'email_1': 'admin@hms.com', 'param_1': 1}
2026-09-27 22:55:23,649 INFO sqlalchemy.engine.Engine SELECT roles.id AS roles_id, roles.name AS roles_name, roles.description AS roles_description 
FROM roles 
WHERE roles.id = %(pk_1)s
2026-09-27 22:55:23,649 INFO sqlalchemy.engine.Engine [cached since 2079s ago] {'pk_1': 1}
INFO:     127.0.0.1:61605 - "POST /auth/login HTTP/1.1" 200 OK
2026-09-27 22:55:23,652 INFO sqlalchemy.engine.Engine ROLLBACK
2026-09-27 22:55:24,105 INFO sqlalchemy.engine.Engine BEGIN (implicit)
2026-09-27 22:55:24,107 INFO sqlalchemy.engine.Engine SELECT users.id AS users_id, users.name AS users_name, users.email AS users_email, users.password_hash AS users_password_hash, users.account_type AS users_account_type, users.role_id AS users_role_id, users.is_active AS users_is_active, users.created_at AS users_created_at 
FROM users 
WHERE users.id = %(id_1)s 
 LIMIT %(param_1)s
2026-09-27 22:55:24,107 INFO sqlalchemy.engine.Engine [cached since 2168s ago] {'id_1': 1, 'param_1': 1}
2026-09-27 22:55:24,115 INFO sqlalchemy.engine.Engine SELECT roles.id AS roles_id, roles.name AS roles_name, roles.description AS roles_description 
FROM roles 
WHERE roles.id = %(pk_1)s
2026-09-27 22:55:24,116 INFO sqlalchemy.engine.Engine [cached since 2080s ago] {'pk_1': 1}
2026-09-27 22:55:28,239 INFO sqlalchemy.engine.Engine ROLLBACK
INFO:     127.0.0.1:61607 - "POST /chat/ HTTP/1.1" 502 Bad Gateway
